RazaoSocial,UF,TotalDespesas,MediaDespesas,DesvioPadrao
BRADESCO SAÃDE S.A.,RJ,24335943088.0,6083985772.0,12021704888.045443
FUNDAÃÃO SAÃDE ITAÃ,MG,1799663929.0,224957991.125,210648834.85959736
CENTRO TRASMONTANO DE SAO PAULO,SP,1713813201.0,95211844.5,146093178.4873402
HAPVIDA ASSISTENCIA MEDICA S.A.,CE,1269325949.0,37333116.14705882,152924258.0517127
FUNDAÃÃO CESP,SP,1084997681.0,54249884.05,225919844.72680798
FUNDAÃÃO ASSISTENCIAL DOS SERVIDORES DO MINISTÃRIO DA FAZENDA,DF,922268320.0,46113416.0,183783464.78700554
PREVENT SENIOR PRIVATE OPERADORA DE SAÃDE LTDA,SP,911470082.0,91147008.2,243188148.64409867
UNIMED BELO HORIZONTE COOPERATIVA DE TRABALHO MÃDICO,MG,733002376.0,43117786.823529415,98541573.40691268
UNIMED NACIONAL - COOPERATIVA CENTRAL,SP,447037880.0,11175947.0,38348730.67767693
UNIMED DE JOINVILLE COOPERATIVA DE TRABALHO MÃDICO,SC,392380886.0,20651625.57894737,79042638.73782082
UNIMED LITORAL COOPERATIVA DE TRABALHO MÃDICO LTDA,SC,354403111.0,13126041.148148147,39769494.11609121
ITAUSEG SAÃDE S.A.,SP,345651322.0,14402138.416666666,35973431.62187705
ODONTOPREV S/A,SP,290060910.0,10742996.666666666,24301046.666513402
UNIMED DE RIBEIRAO PRETO - COOPERATIVA DE TRABALHO MÃDICO,SP,289502629.0,13159210.409090908,42286977.53277105
UNIMED GOIANIA COOPERATIVA DE TRABALHO MÃDICO,GO,278731520.0,13936576.0,42140146.64143328
AMIL ASSISTÃNCIA MÃDICA INTERNACIONAL S.A.,SP,257929346.0,18423524.714285713,56743963.48558804
BENEFICENCIA SOCIAL BOM SAMARITANO,MG,248074225.0,7752319.53125,43829757.08004854
OMINT SERVIÃOS DE SAÃDE S.A.,SP,215970538.0,8638821.52,9226782.531035729
IRMANDADE DA SANTA CASA DE MISERICÃRDIA DE PIRACICABA,SP,213642855.0,26705356.875,47664035.17164036
QUALLITY PRÃ SAÃDE PLANO DE ASSISTÃNCIA MÃDICA LTDA.,DF,211195701.0,42239140.2,63775835.2086398
SANTA CASA DE MISERICÃRDIA DE JUIZ DE FORA,MG,204021623.0,5829189.228571429,13781183.868906803
UNIMED - COOPERATIVA DE SERVIÃOS DE SAÃDE DOS VALES DO TAQUARI E RIO PARDO LTDA.,RS,195807094.0,11518064.352941176,21424548.87197912
UNIMED CAMPINAS - COOPERATIVA DE TRABALHO MÃDICO,SP,181819872.0,4228369.116279069,18904005.666983515
POSTAL SAÃDE CAIXA DE ASSISTÃNCIA E SAÃDE DOS EMPREGADOS DOS CORREIOS,DF,181057212.0,9529326.94736842,17068953.514922205
ASSOCIACAO DOS AUDITORES FISCAIS DA RECEITA ESTADUAL DE SAO PAULO,SP,179847064.0,29974510.666666668,66546865.095375985
METRUS INSTITUTO DE SEGURIDADE SOCIAL,SP,179314415.0,8150655.2272727275,37957576.02424306
GAMA SAUDE LTDA.,SP,171665041.0,14305420.083333334,49478444.162514806
UNIMED DO ESTADO DE SÃO PAULO - FEDERAÃÃO ESTADUAL DAS COOP. MÃDICAS,SP,169367150.0,6514121.153846154,26554939.287921295
UNIMED DE SANTOS COOP DE TRAB MEDICO,SP,164723833.0,3504762.404255319,11566554.147805959
UNIMED PORTO ALEGRE - COOPERATIVA MÃDICA LTDA.,RS,156475510.0,6259020.4,28468243.22336127
INTEGRA ASSISTENCIA MEDICA SA,SP,153695864.0,30739172.8,66499692.98619589
UNIMED NOVA FRIBURGO-SOC.COOP.SERV.MED.HOSP.LTDA.,RJ,150561523.0,5377197.25,18119477.7159053
UNIMED DE CAMPOS COOPERATIVA DE TRABALHO MÃDICO,RJ,149680480.0,6803658.181818182,26679741.813969698
SINDIFISCO NACIONAL - SINDICATO NACIONAL DOS AUDITORES-FISCAIS DA RECEITA FEDERAL DO BRASIL,DF,147976449.0,24662741.5,57762034.69474338
CARE PLUS MEDICINA ASSISTENCIAL LTDA.,SP,135696382.0,13569638.2,7591016.8601575205
UNIMED VALE DO AÃO COOPERATIVA DE TRABALHO MÃDICO,MG,134178770.0,8945251.333333334,34569027.282658435
CAIXA DE ASSISTÃNCIA DOS FUNCIONÃRIOS DO BANCO DO NORDESTE DO BRASIL,CE,129304117.0,11754919.727272727,33435928.687871236
UNIMED DE FORTALEZA SOCIEDADE COOPERATIVA MÃDICA LTDA.,CE,123738411.0,5624473.2272727275,11967536.177545814
UNIMED SEGUROS SAÃDE S/A,SP,123056251.0,10254687.583333334,12561251.612628225
UNIMED DO CARIRI - SOCIEDADE COOPERATIVA MÃDICA LTDA,CE,120977085.0,6367215.0,27477541.79433934
UNIMED CUIABA COOPERATIVA DE TRABALHO MÃDICO,MT,109580231.0,4764357.869565218,20978782.876768764
UNIMED SAO JOSE DOS CAMPOS - COOPERATIVA DE TRABALHO MEDICO,SP,109243617.0,3523987.64516129,11457796.210701896
IRMANDADE DA SANTA CASA DE MISERICÃRDIA DE PASSOS,MG,102482717.0,3941642.9615384615,9350943.329568427
FUNDAÃÃO SÃO FRANCISCO XAVIER,MG,100586203.0,5588122.388888889,12113886.606027545
UNIMED VALE DO SEPOTUBA - COOPERATIVA DE TRABALHO MÃDICO,MT,95525196.0,2894702.909090909,11304430.065291042
UNIMED DE RIO CLARO SP COOPERATIVA DE TRABALHO MEDICO,SP,92295850.0,3296280.3571428573,17337502.159564838
SANTA HELENA ASSISTÃNCIA MÃDICA S/A.,SP,90965812.0,6064387.466666667,12102128.151702274
UNIMED DE DOURADOS COOPERATIVA DE TRABALHO MÃDICO LTDA,MS,90601331.0,1677802.4259259258,3843455.8562728046
ALICE OPERADORA LTDA.,SP,88543755.0,4216369.285714285,19008363.162740547
UNIMED NORTE FLUMINENSE COOPERATIVA DE TRABALHO MEDICO,RJ,83819504.0,3352780.16,16609080.788162753
UNIMED DE ARARAQUARA - COOP. DE TRAB. MÃDICO,SP,83449643.0,11921377.57142857,30133216.806056097
UNIMED REGIONAL JAU - COOPERATIVA DE TRABALHO MÃDICO,SP,81914264.0,3723375.6363636362,11241072.53259553
UNIMED CAMPO GRANDE MS COOPERATIVA DE TRABALHO MÃDICO,MS,79885748.0,5706124.857142857,10770900.525383009
HUMANA SAÃDE LTDA.,PR,79172200.0,3770104.761904762,15246965.423727203
NOTRE DAME INTERMÃDICA MINAS GERAIS SAÃDE S.A.,CE,74850945.0,2772257.222222222,12787312.559792155
ASSOCIAÃÃO PETROBRAS DE SAÃDE - APS,RJ,73618664.0,14723732.8,8206667.321678831
UNIMED CENTRO OESTE PAULISTA - FEDERAÃÃO INTRAFEDERATIVA DAS COOPERATIVAS MÃDICAS,SP,72087246.0,2402908.2,7781196.677837431
UNIMED EXTREMO SUL COOPERATIVA DE TRABALHO MÃDICO,BA,71728426.0,1463845.4285714286,4973108.777106324
ASSOCIAÃÃO ADVENTISTA NORTE BRASILEIRA DE PREVENÃÃO E ASSISTÃNCIA A SAÃDE,PA,69818611.0,11636435.166666666,25639857.712351076
UNIMED ARARUAMA COOPERATIVA DE TRABALHO MÃDICO LTDA,RJ,69359722.0,2774388.88,9383012.001732947
GRUPO HOSPITALAR DO RIO DE JANEIRO LTDA,RJ,69004813.0,2654031.269230769,4078384.4960200363
DOCTOR CLIN OPERADORA DE PLANOS DE SAÃDE LTDA.,RS,67715643.0,7523960.333333333,21164917.980570134
UNIMED RECIFE COOPERATIVA DE TRABALHO MÃDICO,PE,66912507.0,8364063.375,23459427.8000382
UNIMED ERECHIM - COOPERATIVA DE SERVIÃOS DE SAÃDE LTDA.,RS,66098496.0,4721321.142857143,16940775.48390618
FUNDAÃÃO SANEPAR DE ASSISTÃNCIA SOCIAL,PR,64044880.0,16011220.0,31747011.459218923
CAIXA DE ASSISTÃNCIA Ã SAÃDE - CABERJ,RJ,63884582.0,15971145.5,31746037.061265923
UNIMED PELOTAS/RS - COOPERATIVA DE ASSISTÃNCIA Ã SAÃDE LTDA.,RS,62099565.0,15524891.25,17803838.808772683
UNIMED MISSÃES/RS - COOPERATIVA DE ASSISTÃNCIA Ã SAÃDE LTDA.,RS,61555335.0,3620902.0588235296,9392347.992538465
NOTRE DAME INTERMÃDICA SAÃDE S.A.,SP,60063871.0,2145138.25,6534528.581923672
UNIMED CURITIBA - SOCIEDADE COOPERATIVA DE MÃDICOS,PR,59744635.0,4267473.928571428,10134960.398219867
ASSOCIAÃAO DOS FUNCIONARIOS PUBLICOS DO ESTADO DO RIO GRANDE DO SUL,RS,59311373.0,2372454.92,9213171.293334858
UNIMED-SÃO GONÃALO - NITERÃI - SOC.COOP.SERV.MED E HOSP LTDA,RJ,55805485.0,5580548.5,12227438.536093561
UNIMED PATROCÃNIO COOPERATIVA DE TRABALHO MÃDICO LTDA.,MG,55706519.0,2422022.565217391,8492410.838027438
UNIMED NATAL SOC. COOP. DE TRAB. MÃDICO,RN,55210713.0,1840357.1,4348050.571041697
CAIXA DE ASSISTÃNCIA DOS EMPREGADOS DA EMPRESA BRASILEIRA DE PESQUISA  AGROPECUÃRIA,DF,54391642.0,6043515.777777778,17844687.943710178
SAMP ESPIRITO SANTO ASSISTENCIA MEDICA SA,ES,53437901.0,2137516.04,9785822.732270239
INSTITUIÃÃO BENEFICENTE CEL MASSOT - IBCM,RS,52998998.0,10599799.6,23683792.079218972
PARANA ASSISTENCIA MEDICA LTDA,PR,50511407.0,2806189.277777778,8871757.480016736
UNIMED SAO JOSÃ DO RIO PRETO - COOP. DE TRABALHO MÃDICO,SP,49803827.0,4527620.636363637,6216969.82584383
UNIMED GURUPI COOPERATIVA DE TRABALHO MÃDICO,TO,48741722.0,4874172.2,8097780.413623913
UNIMED JUIZ DE FORA COOPERATIVA DE TRABALHO MÃDICO LTDA,MG,48288424.0,2682690.222222222,4587012.892465827
UNIMED ALTO VALE - COOPERATIVA DE TRABALHO MÃDICO,SC,47907510.0,1260723.9473684211,5238924.83498781
SAMEDIL SERVIÃOS DE ATENDIMENTO MÃDICO S/A,ES,47832698.0,1993029.0833333333,4679065.129030138
SUL AMÃRICA PARANÃ CLÃNICAS SERVIÃOS DE SAÃDE S.A.,SP,46235909.0,1185536.1282051282,3033191.3402156425
UNIMED ITUIUTABA COOPERATIVA TRABALHO MÃDICO LTDA.,MG,45899018.0,1835960.72,8883853.51555912
FUNDAÃÃO CELESC DE SEGURIDADE SOCIAL - CELOS,SC,45774095.0,3521084.230769231,12525253.907952214
UNIMED ANHANGUERA COOPERATIVA DE TRABALHO MÃDICO,SP,45548376.0,4140761.4545454546,11878403.71215239
ASSOCIAÃÃO DOS FUNCIONÃRIOS DO FISCO DO ESTADO DE GOIÃS,GO,44815752.0,2800984.5,6429295.182502336
UNIMED DE CASCAVEL COOPERATIVA DE TRABALHO MÃDICO,PR,44487224.0,2780451.5,10091439.970131287
UNIMED DE CRICIÃMA COOPERATIVA DE TRABALHO MÃDICO DA REGIÃO CARBONÃFERA,SC,43930740.0,1292080.5882352942,6934126.612482089
UNIMED DO ESTADO DE SANTA CATARINA FED. EST. DAS COOP. MÃD.,SC,42543088.0,1289184.4848484849,7259052.750236334
CAIXA DE ASSISTÃNCIA DOS FUNCIONÃRIOS DO BANCO DA AMAZÃNIA - CASF,PA,42430314.0,2233174.4210526315,9653679.085950205
UNIMED CATAGUASES COOPERATIVA DE TRABALHO MÃDICO LTDA,MG,41813504.0,1072141.1282051282,2543318.5266985768
ASSOCIAÃÃO DOS EMPREGADOS DA COMPANHIA ESTADUAL DE HABITAÃÃO E OBRAS PÃBLICAS - ASSEC,SE,41433322.0,1090350.5789473683,3764509.7246268457
UNIMED GRANDE FLORIANÃPOLIS-COOPERATIVA DE TRABALHO MEDICO,SC,40857723.0,1167363.5142857144,5702814.180198592
UNIMED UBERLÃNDIA COOPERATIVA REGIONAL TRABALHO MÃDICO LTDA,MG,40746947.0,3134380.5384615385,4465107.433227067
UNIMED DE PRESIDENTE PRUDENTE COOPERATIVA DE TRAB. MÃDICO,SP,40557781.0,1931322.9047619049,3551139.5612277603
UNIMED LITORAL SUL/RS - COOPERATIVA DE ASSISTÃNCIA Ã SAÃDE LTDA.,RS,40417507.0,3368125.5833333335,6830915.733108163
UNIMED NORTE PAULISTA - COOPERATIVA DE TRABALHO MÃDICO,SP,38050480.0,1811927.619047619,8195868.528575989
LIV LINHAS INTELIGENTES DE ATENÃÃO Ã VIDA S/A,SP,37801756.0,1145507.7575757576,6318131.709918844
ASSOCIAÃÃO SÃO FRANCISCO VIDA,SP,37642683.0,7528536.6,16104719.4298863
UNIMED NOROESTE CAPIXABA COOPERATIVA DE TRABALHO MÃDICO.,ES,35666177.0,3962908.5555555555,6381850.158488977
UNIMED DE MACAÃ COOPERATIVA DE ASSISTÃNCIA Ã SAÃDE,RJ,33605012.0,861666.9743589744,1271796.5102147826
QUALICORP ADMINISTRADORA DE BENEFÃCIOS S.A.,SP,33188260.0,6637652.0,2888923.8006184935
AUSTACLINICAS ASSISTÃNCIA MÃDICA E HOSPITALAR LTDA,SP,32405448.0,600100.8888888889,995586.319623326
AMPLA PLANOS DE SAUDE LTDA,RJ,32343433.0,4620490.428571428,11549775.28803702
HOSPITAIS E CLÃNICAS DO PIAUÃ S/S LTDA,PI,32203420.0,4025427.5,6947203.469362433
UNIMED RIO BRANCO COOPERATIVA DE TRABALHO MEDICO LTDA,AC,32047753.0,890215.3611111111,959881.5690850662
UNIMED DIVINOPOLIS - COOPERATIVA DE TRABALHO MEDICO LTDA,MG,31874457.0,838801.5,2792420.751721846
MED-TOUR ADMINISTRADORA DE BENEFÃCIOS E EMPREENDIMENTOS LTDA.,SP,31847352.0,884648.6666666666,3359707.371571544
PLANO HOSPITAL SAMARITANO LTDA,SP,31706460.0,1585323.0,2765179.3036536956
SISTEMAS E PLANOS DE SAÃDE LTDA.,SP,31352589.0,10450863.0,18097179.585097756
UNIMED PONTA GROSSA COOPERATIVA DE TRABALHO MEDICO,PR,31176770.0,2078451.3333333333,4936786.0163427275
PREVIDENT ASSISTÃNCIA ODONTOLÃGICA S.A,SP,31036782.0,1825693.0588235294,7489072.6801787475
H.B. SAÃDE S/A.,SP,29625992.0,1645888.4444444445,4687562.113736862
UNIMED ITABIRA COOPERATIVA DE TRABALHO MÃDICO,MG,29433583.0,626246.4468085107,2740844.2815071777
UNIMED PALMAS COOPERATIVA DE TRABALHO MÃDICO,TO,28185144.0,1225441.043478261,4298031.648037712
UNIMED REGIONAL DE FLORIANO - COOPERATIVA DE TRABALHO MÃDICO,PI,28169668.0,1564981.5555555555,5776756.389255909
MEDISERVICE OPERADORA DE PLANOS DE SAÃDE S.A.,SP,28155364.0,9385121.333333334,11468615.83180291
INSTITUTO CURITIBA DE SAÃDE,PR,27924398.0,6981099.5,13345242.746246181
UNIMED TERESINA - COOPERATIVA DE TRABALHO MÃDICO,PI,27522859.0,2117143.0,2543641.4469533633
FUNDAÃÃO DE ASSISTÃNCIA Ã SAÃDE DA ASSOCIAÃÃO DO MINISTÃRIO PÃBLICO DO RIO GRANDE DO SUL,RS,27308020.0,2275668.3333333335,7878579.40731804
UNIMED NOVA IGUACU COOPERATIVA DE TRABALHO MEDICO,RJ,27278813.0,2273234.4166666665,3908822.6511079324
UNIMED PORTO VELHO - SOCIEDADE COOPERATIVA MÃDICA LTDA,RO,26620477.0,1267641.761904762,4607744.47726184
R.M.I. OPERADORA DE SAÃDE INTEGRADA LTDA,SP,26471892.0,13235946.0,0.0
UNIMED MARQUES DE VALENÃA COOPERATIVA DE TRABALHO MÃDICO LTDA.,RJ,26363186.0,1387536.105263158,3724028.1203564727
UNIMED LEOPOLDINA COOPERATIVA DE TRABALHO MÃDICO LTDA,MG,26184088.0,2618408.8,6211502.688671519
UNIMED PARÃ DE MINAS COOPERATIVA DE TRABALHO MÃDICO LTDA.,MG,25930349.0,2593034.9,5005889.217270205
UNIMED DE LONDRINA COOPERATIVA DE TRABALHO MÃDICO,PR,25829005.0,993423.2692307692,2612932.9874473177
CORPORE ADMINISTRADORA DE BENEFICIOS DA SAUDE LTDA,SP,25610135.0,2845570.5555555555,3524767.4266113327
ATÃVIA SERVIÃOS DE SAÃDE S/A,SP,25601678.0,4266946.333333333,3304859.96600798
UNIMED-RIO COOPERATIVA DE TRABALHO MEDICO DO RIO DE JANEIRO,RJ,25387383.0,2115615.25,2072714.116092851
TERRAMAR ADMINISTRADORA DE PLANO DE SAUDE LTDA,BA,25353577.0,1014143.08,5025440.531068253
CEMIG SAÃDE,MG,25299840.0,2529984.0,1603156.9064401235
ASSOCIAÃÃO DE BENEFICÃNCIA E FILANTROPIA SÃO CRISTOVÃO,SP,25036809.0,2276073.5454545454,7370920.226908745
SAUDE PAS - MEDICINA E ODONTO,RS,24764444.0,2063703.6666666667,5008520.96222147
UNIMED SALTO/ITU - COOPERATIVA MÃDICA,SP,24271531.0,1155787.1904761905,3353976.4102968974
LIFE EMPRESARIAL SAÃDE LTDA.,SP,23689132.0,1246796.4210526317,5358652.246866529
UNIMED SERRA GAUCHA/RS COOPERATIVA DE ASSISTENCIA A SAUDE LTDA,RS,23443307.0,1953608.9166666667,5933202.0167248715
UNIMED PATO BRANCO SOCIEDADE COOPERATIVA DE MÃDICOS,PR,23320418.0,832872.0714285715,2220085.2839605883
UNIMED ALTA MOGIANA COOPERATIVA DE TRABALHO MÃDICO,SP,23316180.0,1554412.0,4225084.981674113
MEDIATORIE ADMINISTRADORA DE BENEFÃCIOS S/A,ES,23189312.0,356758.6461538462,434214.4304755799
UNIMED GOVERNADOR VALADARES COOP. DE TRABALHO MÃDICO LTDA.,MG,23140766.0,2571196.222222222,5136537.246157419
HBC SAÃDE LTDA.,SP,23071295.0,1153564.75,3773979.4064733353
UNIMED PATOS DE MINAS COOPERATIVA TRABALHO MÃDICO LTDA.,MG,23058188.0,1152909.4,2317975.3239906407
UNIMED SUL CAPIXABA COOPERATIVA DE TRABALHO MÃDICO,ES,22058601.0,919108.375,1214179.144192516
UNIMED CALDAS NOVAS - COOPERATIVA DE TRABALHO MEDICO,GO,22029970.0,688436.5625,3854431.8124106964
CENTRAL REGIONAL DAS COOPERATIVAS MÃDICAS - UNIMED CERRADO,GO,21769599.0,1674584.5384615385,1360734.132505968
UNIMED DO ESTADO DO PARANÃ FEDERAÃÃO ESTADUAL DAS COOPERATIVAS MÃDICAS,PR,21754851.0,701769.3870967742,1871921.6323393576
CAIXA DE ASSISTÃNCIA DOS MAGISTRADOS DE PERNAMBUCO,PE,21570235.0,898759.7916666666,4322177.064639522
UNIÃO MÃDICA PLANOS DE SAÃDE S/A,BA,21200713.0,543608.0256410256,2284004.0979423267
GOCARE PLANOS DE SAUDE LTDA,SP,20843424.0,1042171.2,3275359.4204365066
ASSOCIAÃÃO FUNDO DE PROTEÃÃO Ã SAÃDE,PR,20114043.0,804561.72,3859247.6400413793
UNIMED CARATINGA - COOPERATIVA DE TRABALHO MÃDICO LTDA,MG,19528849.0,1301923.2666666666,4729663.095108882
UNIMED DE CATALÃO COOPERATIVA DE TRABALHO MÃDICO,GO,19002788.0,1727526.1818181819,5630524.753032168
UNIMED CONSELHEIRO LAFAIETE COOPERATIVA DE TRABALHO MÃDICO LTDA,MG,18063580.0,860170.4761904762,2928037.3046858134
UNIMED FRANCISCO BELTRAO COOPERATIVA DE TRABALHO MEDICO,PR,18048705.0,1002705.8333333334,2007118.0507297243
PLURAL GESTÃO EM PLANOS DE SAÃDE LTDA,RJ,18001944.0,1125121.5,574202.6090118366
UNIMED DE MOCOCA COOPERATIVA DE TRAB. MÃDICO,SP,17622081.0,518296.5,967739.5537530731
UNIMED DE CATANDUVA - COOPERATIVA DE TRABALHO MÃDICO,SP,17554901.0,763256.5652173914,1081841.8281965768
UNIMED DE GUARULHOS COOPERATIVA DE TRABALHO MÃDICO,SP,17281479.0,720061.625,647165.7461342203
ASSOCIAÃÃO SANTA CASA SAÃDE DE ARAÃATUBA,SP,17221471.0,956748.3888888889,2491324.706859931
UNIMED SÃO LOURENÃO COOPERATIVA DE TRABALHO MÃDICO,MG,16884152.0,1534922.9090909092,1913318.01894643
SBC SAÃDE LTDA.,SP,16821906.0,1201564.7142857143,2825768.69840875
UNIODONTO BELÃM - COOPERATIVA DE ASSISTÃNCIA Ã SAÃDE ODONTOLÃGICA,PA,16729185.0,929399.1666666666,2329424.3644535434
SAÃDE BRASIL ASSISTÃNCIA MÃDICA LTDA.,SP,16436851.0,1826316.7777777778,5105840.752209321
ASSOCIAÃÃO SANTA SAÃDE,SP,16339829.0,961166.4117647059,1527925.3146560395
ALLIANZ SAÃDE S/A,SP,16190729.0,1619072.9,4883156.01577378
ASSOCIAÃÃO DA SANTA CASA SAÃDE DE RIBEIRÃO PRETO,SP,15779850.0,584438.8888888889,1400522.9827185255
UNIMED DE PIRACICABA SOCIEDADE COOPERATIVA DE SERVIÃOS MÃDICOS,SP,15771310.0,751014.7619047619,2205783.1014007907
HOSPITAL DE PRONTOCLINICA LTDA.,RS,15654886.0,355792.86363636365,963721.5172308343
UNIMED FRUTAL COOPERATIVA DE TRABALHO MEDICO LTDA,MG,15570130.0,235911.0606060606,1116787.3998929092
UNIMED DE BARRETOS COOPERATIVA DE TRABALHO MÃDICO,SP,15455253.0,965953.3125,1018475.2461470182
PASA - PLANO DE ASSISTENCIA A SAUDE DO APOSENTADO DA VALE,RJ,15348433.0,1180648.6923076923,2944242.0766537236
UNIMED OESTE DO PARANA - COOPERATIVA DE TRABALHO MEDICO,PR,14908997.0,514103.3448275862,1336254.8559831125
SAMEL PLANO DE SAÃDE LTDA,AM,14800549.0,1057182.0714285714,3913389.802857766
VITA ASSISTÃNCIA A SAÃDE LTDA.,MG,14681058.0,734052.9,1599771.3010564616
SAÃDE SANTA TEREZA LTDA.,SP,14432223.0,656010.1363636364,1793220.7079094227
UNIMED NORTE DO MATO GROSSO COOPERATIVA DE TRABALHO MÃDICO,MT,14372203.0,287444.06,648744.0859842714
POLICLIN SAÃDE S/A.,SP,14046878.0,610733.8260869565,606104.0342694442
UNIMED DE DRACENA - COOPERATIVA DE TRABALHO MÃDICO,SP,13679116.0,719953.4736842106,1014331.2647390654
BENEFICENCIA CAMILIANA DO SUL,SP,13657601.0,1517511.2222222222,2095476.0989625829
NOSSA SAÃDE - OPERADORA PLANOS PRIVADOS DE ASSISTÃNCIA  Ã SAÃDE LTDA.,PR,13609460.0,716287.3684210526,469125.2121791521
ASSOCIAÃÃO POLICIAL DE ASSISTÃNCIA A SAÃDE,SP,13599132.0,1133261.0,2613059.265515805
UNIMED RONDONOPOLIS COOPERATIVA DE TRABALHO MÃDICO LTDA,MT,13319752.0,605443.2727272727,1897744.0940180272
COOPERATIVA CENTRAL UNIMED DE COOPERATIVAS DE ASSISTÃNCIA Ã SAÃDE DO RIO GRANDE DO SUL LTDA.,RS,13306731.0,415835.34375,1766270.0654948554
ASSOCIAÃÃO EVANGELICA BENEFICENTE DE LONDRINA,PR,12951052.0,1618881.5,4419170.142813758
UNIMED CAMPINA GRANDE - COOPERATIVA DE TRABALHO MEDICO LTDA,PB,12665139.0,2110856.5,2512568.950229844
"SERVIÃO SOCIAL DA INDÃSTRIA DO PAPEL, PAPELÃO E CORTIÃA DO ESTADO DE SÃO PAULO - SEPACO",SP,12627758.0,1052313.1666666667,2122480.3700305596
PB ASSISTENCIA MEDICA EU LTDA,BA,12376121.0,309403.025,512351.85527853644
CAIXA DE ASSISTÃNCIA DOS EMPREGADOS DO BANCO DO ESTADO DO RIO GRANDE DO SUL,RS,12229085.0,3057271.25,3020100.249799596
UNITY SERVIÃOS INTEGRADOS DE SAÃDE LTDA.,DF,12132741.0,258143.4255319149,1671251.7887622793
ASSOCIAÃÃO SAÃDE CONCEIÃÃO,SC,12072925.0,548769.3181818182,377039.27359000006
VIVENTERIS LTDA,PR,11985091.0,193307.9193548387,1374722.1215767455
UNIMED REGIONAL DA BAIXA MOGIANA - COOPERATIVA DE TRABALHO MÃDICO,SP,11827955.0,295698.875,629217.2009005209
UNIMED VALE DO CAÃ/RS - COOPERATIVA DE ASSISTÃNCIA Ã SAÃDE LTDA.,RS,11815589.0,787705.9333333333,2375713.915272101
UNIMED DE BIRIGUI - COOPERATIVA DE TRABALHO MÃDICO,SP,11749187.0,301261.2051282051,1059716.1611691662
UNIMED NORTE CAPIXABA- COOPERATIVA DE TRABALHO MÃDICO,ES,11465281.0,358290.03125,1514359.3832251842
ECONOMUS INSTITUTO DE SEGURIDADE SOCIAL,SP,11330390.0,1888398.3333333333,2026682.6512443104
UNIMED COSTA VERDE RJ,RJ,11224794.0,623599.6666666666,399734.4349045633
UNIMED VIÃOSA - COOPERATIVA DE TRABALHO MÃDICO,MG,10864911.0,571837.4210526316,1613482.065877651
SOBAM CENTRO MÃDICO HOSPITALAR S.A.,SP,10735231.0,975930.0909090909,2731342.496606072
UNIHOSP SAÃDE LTDA,SP,10642795.0,665174.6875,1255807.9674356116
FUNDAÃÃO DE SEGURIDADE SOCIAL DA ARCELORMITTAL BRASIL - FUNSSEST,ES,10530761.0,2632690.25,5254426.314638061
UNIMED BARRA DO GARÃAS - COOPERATIVA DE TRABALHO MÃDICO,MT,10469891.0,268458.74358974356,706041.6974329385
UNIMED MORRINHOS COOPERATIVA DE TRABALHO MEDICO,GO,10436877.0,695791.8,661456.8762519809
ELETROS SAÃDE - ASSOCIAÃÃO DE ASSISTÃNCIA Ã SAÃDE,RJ,10335126.0,1722521.0,3270495.9358390896
UNIMED REGIONAL SUL GOIAS COOP. DE TRABALHO MÃDICO LTDA,GO,10327038.0,607472.8235294118,478222.0441672774
ASSOCIAÃÃO DE ASSISTÃNCIA Ã SAÃDE DOS EMPREGADOS DA COPASA,MG,10303062.0,858588.5,2364926.3081928827
UNIMED DE CAÃAPAVA - COOPERATIVA DE TRABALHO MEDICO,SP,10210421.0,510521.05,1344106.0340017613
UNIMED DE SANTA BÃRBARA D'OESTE E AMERICANA - COOP DE TRABALHO MÃDICO,SP,10088331.0,347873.4827586207,328045.78428090323
UNIMED DE MINEIROS COOPERATIVA DE TRABALHO MÃDICO ,GO,10046370.0,334879.0,727414.3986448117
UNIMED METROPOLITANA DO AGRESTE - COOPERATIVA DE TRABALHO MÃDICO,AL,9962798.0,415116.5833333333,1624099.5215930506
AESP ODONTO ASSISTÃNCIA ODONTOLÃGICA S/S LTDA EPP,SP,9831151.0,4915575.5,6860264.43115136
UNIMED DE CAPIVARI -COOPERATIVA DE TRABALHO MÃDICO,SP,9745348.0,374821.07692307694,912342.7232710273
UNIMED BARBACENA - COOPERATIVA DE TRABALHO MÃDICO LTDA,MG,9531151.0,414397.8695652174,1344124.660255152
CIRCULO OPERARIO CAXIENSE,RS,9498055.0,1187256.875,1846149.8331312917
AFFIX ADMINISTRADORA DE BENEFÃCIOS LTDA,SP,9456770.0,1891354.0,0.0
UNIMED CABO FRIO COOPERATIVA TRABALHO MÃDICO LTDA.,RJ,9437272.0,1048585.7777777778,1451670.4086616714
UNIMED ENCOSTA DA SERRA/RS SOCIEDADE COOPERATIVA DE SERVIÃOS DE SAÃDE LTDA.,RS,9347508.0,549853.4117647059,529738.6947559686
UNIODONTO MACEIÃ COOPERATIVA ODONTOLÃGICA,AL,9332545.0,1333220.7142857143,2266280.7148930687
UNIMED AMPARO COOPERATIVA DE TRABALHO MÃDICO,SP,9154780.0,704213.8461538461,1020548.3170531293
CAIXA DE PREVIDÃNCIA E ASSISTÃNCIA DOS SERVIDORES DA FUNDAÃÃO NACIONAL DE SAÃDE - CAPESESP,RJ,9123185.0,1824637.0,0.0
UNIMED JOÃO MONLEVADE COOPERATIVA DE TRABALHO MÃDICO LTDA.,MG,9020982.0,451049.1,607176.7224113586
UNIMED REGIÃO DA CAMPANHA/RS - COOPERATIVA DE ASSISTÃNCIA Ã SAÃDE LTDA.,RS,9014592.0,310848.0,928931.8820352606
UNIODONTO DE JUNDIAÃ COOPERATIVA ODONTOLÃGICA,SP,8907878.0,2969292.6666666665,2067932.409573711
SAÃDE BRB - CAIXA DE ASSISTÃNCIA ,DF,8896089.0,2224022.25,3115037.755700603
UNIMED NORTE DO PARANÃ COOPERATIVA REGIONAL DE TRABALHO MÃDICO,PR,8793683.0,439684.15,1588703.5027724328
UNIMED VITORIA COOPERATIVA DE TRABALHO MEDICO,ES,8752504.0,795682.1818181818,1325082.4398009218
UNIMED DE MARILIA COOPERATIVA DE TRABALHO MÃDICO,SP,8565811.0,450832.15789473685,1669746.3557396063
UNIMED COSTA DO DESCOBRIMENTO COOPERATIVA DE TRABALHO MÃDICO,BA,8348405.0,927600.5555555555,1931377.327660374
CENTRO CLÃNICO GAÃCHO LTDA,CE,8318256.0,756205.0909090909,1726850.2852666443
UNIMED MONTES CLAROS COOPERATIVA DE  TRABALHO MÃDICO LTDA.,MG,8230192.0,342924.6666666667,1306134.058604368
FUNDO DE ASSISTÃNCIA MÃDICO-HOSPITALAR DO MINISTÃRIO PÃBLICO,MS,8113728.0,279783.724137931,1095371.991217005
UNIODONTO DO BRASIL CENTRAL NACIONAL DAS COOPERATIVAS ODONTÃLOGICAS,SP,8061814.0,474224.35294117645,898689.3005514295
ODONTO EMPRESAS CONVENIOS DENTARIOS LTDA.,SP,7946675.0,1135239.2857142857,1475334.895240254
DESBAN - FUNDAÃÃO BDMG DE SEGURIDADE SOCIAL,MG,7872406.0,463082.70588235295,1551063.009445005
UNIMED DE BOTUCATU COOPERATIVA DE TRABALHO MÃDICO,SP,7816505.0,601269.6153846154,1073282.525296853
CAIXA DE ASSISTÃNCIA Ã SAÃDE DOS SERVIDORES PÃBLICOS DO ESTADO DO MATO GROSSO DO SUL,MS,7769684.0,863298.2222222222,2067788.9230582612
AMESC - ASSOCIAÃÃO MÃDICA ESPÃRITA CRISTÃ,RJ,7662355.0,1094622.142857143,741004.2724250265
UNIMED NOROESTE DO PARANÃ COOP DE TRABALHO MÃDICO .,PR,7652389.0,191309.725,342745.99101345334
UNIMED EXTREMO OESTE CATARINENSE COOPERATIVA DE TRABALHO MÃDICO,SC,7625219.0,693201.7272727273,976008.8030069289
UNIMED DE TUBARAO - COOPERATIVA DE TRABALHO MEDICO DA REGIAO DA AMUREL,SC,7554808.0,215851.65714285715,662011.3828145672
COOPERATIVA DE TRABALHO MEDICO DE ARAGUAÃNA - UNIMED ARAGUAÃNA,TO,7481246.0,241330.51612903227,631572.7261114047
UNIMED CACERES COOPERATIVA DE TRABALHO MÃDICO ,MT,7443025.0,437825.0,463175.1361729977
CASA DE SAÃDE NOSSA SENHORA DE FÃTIMA  LTDA.,CE,7251046.0,517931.85714285716,333421.99563705066
UNIMED SOROCABA COOPERATIVA DE TRABALHO MÃDICO,SP,7244584.0,249813.24137931035,562156.7077155785
UNIMED DE AVARÃ COOPERATIVA DE TRABALHO MÃDICO,SP,7117292.0,323513.2727272727,1117273.61506218
PROASA SAÃDE,DF,7097289.0,1419457.8,3091136.143374342
UNIMED TEOFILO OTONI COOPERATIVA DE TRABALHO MÃDICO,MG,7010549.0,280421.96,418288.95588879706
AMEPLAN ASSISTÃNCIA MÃDICA PLANEJADA LTDA,SP,6984837.0,240856.44827586206,928023.0917948103
UNIMED CARUARU-COOPERATIVA DE TRABALHO MEDICO,PE,6927955.0,432997.1875,619227.077103838
SOCIEDADE DE ASSISTÃNCIA MÃDICA - SAMEISA,RS,6921462.0,187066.54054054053,886815.3711635683
SAMIG - SERV. DE ASSISTENCIA MEDICA DA ILHA DO GOVERNADOR LTDA,RJ,6913596.0,345679.8,780606.4463975631
SF SISTEMAS DE SAÃDE LTDA,SP,6741407.0,1123567.8333333333,2577067.6136204433
UNIMED DE PARANAGUÃ COOPERATIVA DE TRABALHO MÃDICO,PR,6728134.0,448542.26666666666,541577.0780650666
LEVE SAUDE OPERADORA DE PLANOS DE SAUDE S.A,RJ,6602810.0,314419.5238095238,612645.2789450531
UNICONSULT - ADMINISTRADORA DE BENEFICIOS E SERVICOS LTDA,SP,6582358.0,822794.75,1548026.302069994
UNIMED RIO VERDE COOPERATIVA TRABALHO MEDICO,GO,6535209.0,155600.2142857143,344941.7312227573
PERSONAL CARE OPERADORA DE SAÃDE SA,SP,6523576.0,1087262.6666666667,1599956.789400597
UNIMED REGIONAL DE CAMPO MOURÃO COOP TRAB MEDICO ,PR,6112956.0,555723.2727272727,594431.219493911
SANTA CASA DE MISERICORDIA DE SAO JOAQUIM DA BARRA,SP,6107788.0,98512.70967741935,321499.46649877395
SANTA CASA DE MISERICÃRDIA E BENEFICÃNCIA PORTUGUESA,SP,6071434.0,164092.8108108108,630956.4672474039
UNIMED ITAJUBA COOPERATIVA DE TRABALHO MEDICO,MG,6058465.0,195434.35483870967,249289.08767687745
CAIXA DE ASSISTÃNCIA Ã SAÃDE DO SINDICATO DOS FUNCIONÃRIOS INTEGRANTES DO GRUPO OCUPACIONAL ADMINISTRAÃÃO TRIBUTÃRIA DO ESTADO DE PERNAMBUCO,PE,6052632.0,263157.9130434783,264011.80244294746
CAIXA DE ASSISTÃNCIA Ã SAUDE DOS EMPREGADOS DA CODEVASF - CASEC,DF,6048122.0,1512030.5,3020221.093072658
"FEDERAÃÃO DAS SOCIEDADES COOPERATIVAS DE TRABALHO MÃDICO DO ACRE, AMAPÃ, AMAZONAS, PARÃ, RONDONIA E RORAIMA",AM,6044275.0,464944.23076923075,648608.1698062081
SERV  SOCIAL AUTÃNOMO DE ASSIST Ã SAÃDE DOS SERV PÃBLICOS E MILITARES DE GOIÃS,GO,6024500.0,502041.6666666667,226455.7169568131
UNIMED FRONTEIRA NOROESTE/RS - COOPERATIVA DE ASSISTÃNCIA Ã SAÃDE LTDA.,RS,5988251.0,352250.0588235294,838461.5860059176
CONFERÃNCIA SÃO JOSÃ DO AVAÃ,RJ,5976784.0,498065.3333333333,1698882.8140737524
COOPERATIVA ODONTOLÃGICA POÃOS DE CALDAS,MG,5976593.0,351564.29411764705,232250.06795498592
UNIMED GUAXUPÃ COOPERATIVA DE TRABALHO MEDICO,MG,5883366.0,392224.4,1445281.8457617187
UNIMED OS BANDEIRANTES COOPERATIVA DE TRABALHO MÃDICO,SP,5868389.0,225707.26923076922,760091.3656710781
UNIODONTO DE MANAUS - COOPERATIVA ODONTOLÃGICA LTDA.,AM,5848550.0,136012.7906976744,101874.20529998145
SEPACO SAÃDE LTDA,SP,5824865.0,1941621.6666666667,1955580.1507231386
SAMOC S.A. - SOCIEDADE ASSISTENCIAL MÃDICA E ODONTO CIRÃRGICA,RJ,5818446.0,264474.8181818182,327381.708611368
UNIMED VALE DO JAURU COOPERATIVA DE TRABALHO MÃDICO,MT,5737218.0,179288.0625,312171.8916847903
UNIMED RESENDE COOPERATIVA DE TRABALHO MÃDICO,RJ,5680369.0,811481.2857142857,2040694.2677602568
UNIMED CAMPO BELO- COOPERATIVA DE TRABALHO MÃDICO,MG,5627357.0,234473.20833333334,675816.6432570417
UNIMED REGIONAL MARINGÃ COOP.DE TRABALHO MÃDICO,PR,5553291.0,396663.64285714284,701008.2383980515
UNIMED DE LORENA COOPERATIVA DE TRABALHO MÃDICO,SP,5482565.0,238372.39130434784,471786.20034856885
UNIMED FRANCA - SOCIEDADE COOPERATIVA DE SERVIÃOS MÃDICOS E HOSPITALARES,SP,5476707.0,304261.5,1170747.4576127576
HOSPITAL CESAR LEITE,MG,5473142.0,421010.92307692306,974565.0275366836
UNIMED ALFENAS COOPERATIVA DE TRABALHO MEDICO,MG,5439075.0,494461.36363636365,664631.3889566567
CEDPLAN SAÃDE LTDA EPP,MG,5341860.0,1780620.0,1976604.1209832586
UNIMED ITAÃNA COOPERATIVA DE TRABALHO MÃDICO LTDA.,MG,5275823.0,439651.9166666667,1070792.534026207
UNIMED DE TATUI - COOPERATIVA DE TRABALHO MÃDICO,SP,5237306.0,523730.6,1434709.9836850653
FUNDAÃÃO FIAT SAÃDE E BEM ESTAR,MG,5215161.0,1738387.0,1457525.950721633
UNIMED DE PIRASSUNUNGA COOPERATIVA DE TRABALHO MÃDICO,SP,5160139.0,368581.35714285716,504385.67233167717
UNIMED SUL PAULISTA - COOPERATIVA DE TRABALHO MÃDICO,SP,4995806.0,356843.28571428574,749314.4460773593
SAUDIA ASSISTENCIA MÃDICA LTDA,MG,4941730.0,235320.47619047618,295229.34808765526
UNIMED SÃO JOÃO NEPOMUCENO COOPERATIVA DE TRABALHO MÃDICO LTDA.,MG,4866692.0,221213.27272727274,370251.6353730234
MATÃO CLINICAS & AMHMA SAÃDE LTDA,SP,4723598.0,102686.91304347826,184750.96512943832
UNIODONTO REGIONAL COOPERATIVA ODONTOLOGICA,MG,4707471.0,784578.5,1552745.2955237378
RIO DOCE SAÃDE,ES,4683164.0,360243.3846153846,1291021.2849605114
UNIMED DE GUARATINGUETA-COOPERATIVA DE TRABALHO MÃDICO,SP,4666060.0,333290.0,415035.82683815475
UNIMED DO EST. DO RJ FEDERAÃÃO EST. DAS COOPERATIVAS MÃDICAS,RJ,4641513.0,357039.46153846156,1163643.4148972654
INTERMEDICI PIRACICABA ASSISTENCIA MEDICA LTDA,SP,4617485.0,164910.17857142858,159301.78046668475
PLATINUM ADMINISTRADORA DE BENEFICIOS,DF,4569434.0,253857.44444444444,279579.93387921905
ASSOCIAÃÃO PLANO DE SAÃDE SANTA CASA DE VALINHOS,SP,4556684.0,168766.07407407407,486741.61102722556
OPLAN SAÃDE OPERADORA DE PLANO DE SAÃDE LTDA,RJ,4498113.0,321293.78571428574,841432.5985363092
UNIMED DE PENAPOLIS - COOPERATIVA DE TRABALHO MEDICO,SP,4496725.0,145055.64516129033,674966.7593145382
CAIXA DE ASSISTÃNCIA DOS FUNCIONÃRIOS DO BANCO DO BRASIL,DF,4468099.0,496455.44444444444,378494.35543284897
UNIMED DE BARRA MANSA SOC. COOP. SERV.MED.E HOSPIT.,RJ,4377658.0,230403.05263157896,260219.8222384882
PRONTOCLINICA E HOSPITAIS SAO LUCAS S/A,MG,4361338.0,90861.20833333333,113403.05102784387
UNIMED DE SOBRAL SOCIEDADE COOPERATIVA MÃDICA LTDA,CE,4336327.0,481814.1111111111,353029.9103576227
UNIODONTO DE SÃO JOSÃ DOS CAMPOS COOPERATIVA DE TRABALHO ODONTOLÃGICO,SP,4310828.0,269426.75,448783.3491316272
SÃO FRANCISCO ASSISTÃNCIA MÃDICA LTDA,PE,4298519.0,153518.5357142857,729124.8435972927
UNIMED CAÃADOR COOPERATIVA DE TRABALHO MÃDICO DA REGIÃO DO CONTESTADO,SC,4271912.0,355992.6666666667,1049476.5644925814
PLANO VIDA SAUDE SERVIÃOS ODONTOLOGICOS LTDA,SE,4239204.0,128460.72727272728,293769.2680865028
EVANGELICO SAUDE LTDA.,PR,4097438.0,341453.1666666667,1169682.446704064
PRONTO SOCORRO CONDE DE MOREIRA LIMA,SP,4088335.0,131881.7741935484,234871.46986010735
UNIMED DE BATATAIS - COOPERATIVA DE TRABALHO MÃDICO,SP,4082246.0,1360748.6666666667,2350218.808867024
CAIXA DE ASSISTÃNCIA AOS MEMBROS DA DEFENSORIA PÃBLICA DO ESTADO DO RIO DE JANEIRO,RJ,4063262.0,338605.1666666667,789328.2861297416
UNIMED DE BEBEDOURO COOPERATIVA DE TRABALHO MÃDICO,SP,4059482.0,451053.55555555556,897752.0033106459
PRIMA VIDA ODONTOLOGIA DE GRUPO LIMITADA,RJ,3990995.0,266066.3333333333,382713.8749552178
ASSOCIACAO DE SAUDE HOLAMBRA,SP,3968831.0,113395.17142857143,203811.27935096138
ASSOCIAÃÃO DOS SERVIDORES PÃBLICOS DA ADMINISTRAÃÃO DIRETA DO GOVERNO DO ESTADO DO PARÃ - ASPARÃ,PA,3950772.0,158030.88,416916.7757574966
SERVDONTO - PLANO DE ASSISTÃNCIA ODONTOLÃGICA LTDA,SE,3917188.0,230422.82352941178,750794.9659176461
UNIMED OESTE DO PARÃ - COOPERATIVA DE TRABALHO MÃDICO,PA,3899209.0,487401.125,481150.8322130056
UNIODONTO ESPIRITO SANTO COOPERATIVA ODONTOLOGICA,ES,3826705.0,637784.1666666666,1173712.1814958584
UNIMED BELÃM COOPERATIVA DE TRABALHO MÃDICO,PA,3818749.0,318229.0833333333,559312.8251513733
SIM - CAIXA DE ASSISTÃNCIA Ã SAÃDE,SC,3808432.0,317369.3333333333,862610.884338865
HUMANA SAÃDE NORDESTE LTDA. ,PI,3795575.0,151823.0,700451.6753634162
ASSOCIAÃÃO HOSPITAL SAÃDE DE VARGEM GRANDE DO SUL,SP,3769182.0,76922.08163265306,112468.90772469013
ASSOCIAÃÃO DOS AUDITORES FISCAIS DA RECEITA ESTADUAL DO RIO DE JANEIRO,RJ,3669841.0,131065.75,101396.2779880212
UNIMED REGIONAL DE TRES LAGOAS COOPERATIVA DE TRABALHO MÃDICO,MS,3669429.0,174734.7142857143,349631.01463216083
UNIMED ARAGUARI COOPERATIVA DE TRABALHO MÃDICO ,MG,3663814.0,81418.08888888889,129775.71731502116
UNIMED APUCARANA COOPERATIVA DE TRABALHO MÃDICO,PR,3604189.0,600698.1666666666,1466429.391845706
CAIXA DE ASSISTÃNCIA SISTEMA SAÃDE INTEGRAL-SSI SAUDE,RS,3603192.0,97383.56756756757,211889.55688276488
IRMANDADE DE MISERICORDIA DE PORTO FERREIRA,SP,3516412.0,879103.0,1745868.42862399
ASSOCIAÃÃO POLICIAL DE ASSISTÃNCIA Ã SAÃDE DE DRACENA,SP,3509352.0,206432.4705882353,559750.7839200761
ESMALE ASSISTENCIA INTERNACIONAL DE SAUDE LTDA.,AL,3439328.0,245666.2857142857,754823.3982797085
UNIMED UBERABA COOPERATIVA DE TRABALHO MEDICO LTDA.,MG,3421668.0,244404.85714285713,591553.4932442851
COOPERATIVA DOS USUÃRIOS DE SERVIÃOS DE SAÃDE LTDA.,RS,3361383.0,71518.78723404255,152216.272950113
ASSOCIACAO DOS PROFESSORES UNIVERSITÃRIOS DA BAHIA,BA,3347799.0,61996.27777777778,389349.7667423439
UNIMED MACHADO COOPERATIVA DE TRABALHO MEDICO,MG,3347554.0,239111.0,607313.9529109369
UNIODONTO DE PRESIDENTE PRUDENTE COOPERATIVA ODONTOLOGICA,SP,3319757.0,195279.82352941178,790614.2444406939
SORRIDEN CONVÃNIOS ODONTOLÃGICOS S.A.,SP,3312176.0,138007.33333333334,310595.0212639781
UNIMED VALE DO PIQUIRI-COOPERATIVA DE TRABALHO MÃDICO VALE DO PIQUIRI ,PR,3268265.0,172013.94736842104,701402.3222790085
UNIMED NORTE/NORDESTE-FEDERAÃÃO INTERFEDERATIVA DAS SOCIEDADES COOPERATIVAS DE TRABALHO MÃDICO EM RECUPERAÃÃO JUDICIAL,PB,3182570.0,106085.66666666667,510873.60843736684
UNIX SAÃDE S.A,BA,3163281.0,395410.125,1003145.6192024078
MEDGOLD ASSISTENCIA MEDICA LTDA - ME,MG,3108576.0,310857.6,267477.33486501034
GARANTIA DE SAÃDE LTDA,SP,3096366.0,154818.3,601485.4084190765
TEMPO MED PLANO DE SAUDE LTDA,SC,3096099.0,154804.95,316429.2882740612
PLENA SAÃDE S.A.,SP,3052640.0,78272.82051282052,89467.87558461881
UNIMED DE SÃO ROQUE - COOPERATIVA DE TRABALHO MÃDICO,SP,3037069.0,216933.5,751385.7648630858
UNIMED INTRAFEDERATIVA FEDERAÃÃO REGIONAL SUL DE MINAS,MG,3012073.0,200804.86666666667,244864.14015614762
UNIMED TRÃS PONTAS - COOPERATIVA DE TRABALHO MÃDICO,MG,3001682.0,83380.05555555556,347653.5685074969
UNIMED DO OESTE DA BAHIA COOPERATIVA DE TRABALHO MÃDICO,BA,2950580.0,84302.28571428571,149987.8765901885
ADVANCE PLANOS DE SAÃDE LTDA,SP,2891526.0,240960.5,800181.1304728562
AGROS - INSTITUTO UFV DE SEGURIDADE SOCIAL,MG,2884301.0,288430.1,609219.7546796047
UNIMED DE MANAUS COOP. DO TRABALHO MÃDICO LTDA,AM,2859544.0,95318.13333333333,85129.39144365955
UNIMED DE BAURU COOPERATIVA DE TRABALHO MÃDICO,SP,2849115.0,98245.3448275862,301103.78126074694
ASSOCIACAO CIVIL PRÃ-SAÃDE DOS SERVIDORES DA UNIVERSIDADE ESTADUAL DE PONTA GROSSA,PR,2838240.0,236520.0,100852.46686485795
COOPERATIVA DE TRABALHO MEDICO REGIÃO DO PLANALTO SERRANO,SC,2830974.0,101106.21428571429,142460.6518501934
ASSOCIAÃÃO SANTA CASA SAÃDE DE SÃO JOSÃ DOS CAMPOS,SP,2792239.0,2792239.0,
UNIMED CENTRO SUL FLUMINENSE COOPERATIVA DE TRABALHO MÃDICO,RJ,2761009.0,106192.65384615384,177898.98932100597
UNIMED DE TAUBATÃ COOPERATIVA DE TRABALHO MÃDICO,SP,2728893.0,63462.62790697674,93276.6925761923
UNIMED PLANALTO MÃDIO/RS - COOPERATIVA DE ASSISTÃNCIA Ã SAÃDE LTDA.,RS,2703383.0,150187.94444444444,325284.5664351124
OPERADORA UNIESTE DE PLANOS DE SAÃDE LTDA,RJ,2663900.0,2663900.0,
DENTAL GOLD ASSISTÃNCIA ODONTOLÃGICA LTDA.,PB,2658898.0,295433.1111111111,299020.64314794575
ARL ADMINISTRADORA DE BENEFÃCIOS LTDA.,SP,2637084.0,61327.53488372093,82243.25506526901
UNIMED DO SUDOESTE COOPERATIVA DE TRABALHO MEDICO LTDA,BA,2574196.0,1287098.0,1820189.0212964148
UNIMED ALTO DA SERRA - SOCIEDADE COOPERATIVA DE SERVIÃO MÃDICO LTDA.,RS,2537164.0,140953.55555555556,465997.1240997122
UNIMED NOROESTE/RS - SOCIEDADE COOPERATIVA DE ASSISTÃNCIA Ã SAÃDE LTDA.,RS,2530469.0,281163.22222222225,796865.8345365889
CAIXA DE ASSISTÃNCIA DOS EMPREGADOS DO SISTEMA FINANCEIRO BANESTES,ES,2528933.0,180638.07142857142,149195.12910767575
ASSOCIAÃÃO POLICIAL DE ASSISTÃNCIA Ã SAÃDE - VALE DO RIBEIRA,SP,2505291.0,62632.275,358058.69924543484
PORTO DIAS SAUDE LTDA.,PA,2505102.0,626275.5,1251951.0
UNIMED MEIO OESTE CATARINENSE COOPERATIVA DE TRABALHO MÃDICO,SC,2458990.0,117094.76190476191,295885.83812796866
SANTA CASA DE MISERICÃRDIA DE TUPÃ,SP,2454869.0,245486.9,752816.9818170284
COMSEDER - COOPERATIVA DE ASSISTÃNCIA MÃDICA DOS SERVIDORES DA SUPLAN E DO DER LTDA,PB,2435168.0,152198.0,120968.76412914753
UNIODONTO PORTO ALEGRE COOPERATIVA ODONTOLOGICA LTDA,RS,2408598.0,2408598.0,
UNIMED NORDESTE PAULISTA - FED. INTRAFEDERATIVA DAS COOP. MÃDICAS,SP,2387794.0,198982.83333333334,127789.08214698819
ASSOCIAÃÃO DR. BARTHOLOMEU TACCHINI,RS,2374397.0,182645.92307692306,202373.7539580588
2CARE OPERADORA DE SAÃDE LTDA.,SP,2362875.0,71602.27272727272,83195.15473093698
PLANO DE SAÃDE ANA COSTA LTDA.,SP,2347964.0,167711.7142857143,274489.6053535413
EXCELÃNCIA PLANO DE SAÃDE S/A,ES,2339488.0,97478.66666666667,123488.13571445592
UNIMED SUDOESTE DE MINAS COOPERATIVA DE TRABALHO MÃDICO,MG,2243561.0,203960.0909090909,379258.4143073043
TRINO - ALIANCA FILANTRÃPICA DE ASSISTÃNCIA E INTEGRAÃÃO PARA O DESENVOLVIMENTO DA SAUDE,ES,2235054.0,203186.72727272726,220399.011258259
AMEP FREGUESIA OPERADORA DE PLANO DE SAUDE LTDA,RJ,2192787.0,62651.05714285714,93550.45323182027
UNIMED SANTA MARIA/RS - COOPERATIVA DE ASSISTÃNCIA Ã SAÃDE LTDA,RS,2162438.0,127202.23529411765,176960.41311283768
UNIMED DE JATAÃ COOPERATIVA DE TRABALHO MÃDICO LTDA.,GO,2158154.0,134884.625,230618.23019436977
SEMPRE ODONTO PLANOS ODONTOLOGICOS LTDA,RJ,2143451.0,85738.04,169342.45850186737
UNIMED DE CORUMBA COOPERATIVA DE TRABALHO MÃDICO,MS,2131011.0,112158.47368421052,201897.78623500676
ASSOCIAÃAO UNISAUDE MARAU,RS,2100362.0,140024.13333333333,382685.81432177994
FUNDACAO LEONOR DE BARROS CAMARGO,SP,2083605.0,520901.25,1031002.5
UNICOR ADMINISTRADORA DE BENEFICIOS LTDA,MG,2040042.0,44348.739130434784,173256.21936406908
PREVENT SENIOR CORPORATE OPERADORA DE SAÃDE LTDA.,SP,1998534.0,1998534.0,
UNIMED DE ASSIS COOPERATIVA DE TRABALHO MÃDICO,SP,1983290.0,116664.11764705883,175887.8556644412
UNIMED SÃO CARLOS - COOPERATIVA DE TRABALHO MÃDICO,SP,1983172.0,247896.5,242823.84770093262
UNIMED DE JABOTICABAL COOP. DE TRABALHO MÃDICO,SP,1956930.0,61154.0625,111306.57017935975
FUNDAÃÃO COPEL DE PREVIDÃNCIA E ASSISTÃNCIA SOCIAL,PR,1945157.0,324192.8333333333,591531.4596396092
VIDAMAX ADMINISTRADORA DE BENEFÃCIOS LTDA,SP,1921595.0,42702.11111111111,89021.10989515153
PRONTOMED PLANOS DE SAÃDE LTDA,MG,1919090.0,191909.0,151399.3134433281
UNIMED NORTE PIONEIRO - COOPERATIVA DE TRABALHO MÃDICO,PR,1876423.0,170583.9090909091,549480.1170114264
UNIODONTO DE ARARAQUARA COOPERATIVA ODONTOLÃGICA,SP,1857126.0,59907.290322580644,96589.85995475699
FUNDO DE ASSISTÃNCIA Ã SAÃDE DOS FUNCIONÃRIOS DO BEC,CE,1856942.0,309490.3333333333,742172.2305224487
UNIODONTO DE SOROCABA COOPERATIVA ODONTOLÃGICA,SP,1810356.0,46419.38461538462,119494.26231427344
ASSOCIAÃÃO VALEPARAIBANA DE ASSISTÃNCIA MÃDICA POLICIAL,SP,1795149.0,598383.0,348803.35836112587
AURORA SAÃDE LTDA,MG,1787813.0,111738.3125,432501.0834570967
UNIMED ARAXÃ COOPERATIVA DE TRABALHO MÃDICO LTDA.,MG,1786898.0,162445.27272727274,346951.8022665658
CEAM BRASIL - PLANOS DE SAÃDE LTDA,MG,1773681.0,354736.2,712460.8983405335
FUNDAÃÃO PLAMHUV - PLANO MÃDICO HOSPITALAR DOS HOSPITAIS UNIDOS DE VIÃOSA,MG,1734466.0,69378.64,295873.5897345464
OPERADORA DE PLANOS PRIVADOS DE SAÃDE - SANTA CASA SAÃDE LTDA,MS,1706266.0,42656.65,148667.07001001108
UNIMED DE OURINHOS - COOPERATIVA DE TRABALHO MÃDICO,SP,1699704.0,113313.6,250978.58467173763
UNIMED VALE DO SÃO FRANCISCO COOPERATIVA DE TRABALHO MÃDICO,PE,1693251.0,211656.375,498241.57988926774
UNIMED DE LIMEIRA COOPERATIVA DE TRABALHO MÃDICO,SP,1680932.0,112062.13333333333,76796.43826363924
OESTE SAÃDE ASSISTÃNCIA A SAÃDE SUPLEMENTAR S.A,SP,1671326.0,72666.34782608696,146218.22327964235
UNIMED FEDERAÃAO DO ESTADO DO MATO GROSSO,MT,1661272.0,207659.0,187982.33373986426
UNIMED PLANALTO CENTRAL/RS - COOPERATIVA DE ASSISTÃNCIA  Ã SAÃDE LTDA.,RS,1654893.0,330978.6,211329.36070693066
UNIMED REGIÃO DA FRONTEIRA - RS COOPERATIVA DE ASSISTÃNCIA Ã SAÃDE LTDA.,RS,1610314.0,178923.77777777778,155141.7715782711
ASSISTÃNCIA MÃDICA 12 DE OUTUBRO LTDA,SP,1587749.0,51217.709677419356,43182.29880417326
UNIMED DE UBA COOPERATIVA DE TRABALHO MEDICO,MG,1570154.0,224307.7142857143,580021.5356837233
UNIMED DE ARACATUBA - COOPERATIVA DE TRABALHO MÃDICO,SP,1569272.0,120713.23076923077,237559.53986216936
SISTEMA TOTAL DE SAÃDE LTDA.,SP,1567875.0,97992.1875,281018.6652743239
UNIMED DE PINDAMONHANGABA - COOPERATIVA TRABALHO MEDICO,SP,1560327.0,120025.15384615384,89178.6907477025
RODRIGUES LEIRA ODONTOLOGIA LTDA.,SP,1548105.0,31593.979591836734,68038.30755797606
ASSOCIAÃÃO POLICIAL DE ASSISTÃNCIA Ã SAÃDE,SP,1519914.0,20820.739726027397,28199.34151271552
PLAMER PLANO MEDICO RESENDE LTDA,RJ,1507749.0,115980.69230769231,398143.1388075953
ALVORECER - ASSOCIAÃÃO DE SOCORROS MÃTUOS,SP,1504622.0,150462.2,335335.5436341337
PLADISA PLANOS DE SAÃDE SA,SC,1498660.0,83258.88888888889,67705.90995482194
SÃO DOMINGOS SAÃDE- ASSISTÃNCIA MÃDICA  LTDA,SP,1470571.0,35013.59523809524,64803.06559635764
PLANO ASSISTENCIAL SÃO LUCAS LTDA,MG,1454501.0,42779.44117647059,119886.19865350366
UNIMED DE LINS - COOPERATIVA DE TRABALHOS MÃDICOS,SP,1439766.0,62598.52173913043,115526.21634655823
ASSOCIAÃÃO POLICIAL DE ASSISTÃNCIA A SAÃDE DA BAIXADA SANTISTA,SP,1436115.0,51289.82142857143,187019.4815930611
ASSOCIAÃÃO SAÃDE SÃO JOSÃ,SC,1423716.0,118643.0,307587.2069357656
UNIMED SAÃDE E ODONTO S.A,SP,1405916.0,93727.73333333334,48641.01695580838
UNIMED CHAPECÃ - COOPERATIVA DE TRABALHO MÃDICO DA REGIÃO OESTE CATARINENSE,SC,1399886.0,93325.73333333334,105953.04750317248
UNIBEN ADMINISTRADORA DE BENEFÃCIOS LTDA,MG,1397909.0,93193.93333333333,221705.96885143252
UNIMED VILHENA - COOPERATIVA DE TRABALHO MEDICO LTDA,RO,1388699.0,106823.0,132949.27251399308
ASSOCIAÃÃO SANTA CASA CLÃNICAS DE BIRIGUI,SP,1375470.0,62521.36363636364,290037.2594175323
COOPERATIVA DE TRABALHO MÃDICO DO PLANALTO NORTE DE SANTA CATARINA LTDA,SC,1349930.0,112494.16666666667,258641.92865245303
UNIMED PONTE NOVA COOPERATIVA DE TRABALHO MEDICO LTDA,MG,1335222.0,89014.8,99476.24726191818
COOPERATIVA DE TRABALHO MÃDICO DE POUSO ALEGRE,MG,1319316.0,219886.0,388263.1356412813
SV SAUDE ADMINSTRADORES DE PLANO DE SAUDE LTDA,RJ,1308804.0,59491.09090909091,119290.75057822025
ORALE ASSISTÃNCIA ODONTOLÃGICA LTDA,BA,1275070.0,70837.22222222222,54812.24070090179
FUNDAÃAO COMPESA DE PREVIDENCIA E ASSISTENCIA - COMPESAPREV,PE,1265210.0,158151.25,229436.08897141708
BLUZZ SAÃDE S/A,ES,1236304.0,49452.16,62989.96395900435
SALVE SAÃDE ADMINISTRADORA DE BENEFÃCIOS LTDA,RJ,1223808.0,122380.8,205336.63679204124
UNIMED NOROESTE FLUMINENSE - COOPERATIVA DE TRABALHO MÃDICO LTDA,RJ,1217312.0,202885.33333333334,156418.4366021687
FEDERAÃÃO DAS COOP ODONTOLÃGICAS DO ESTADO DE SANTA CATARINA,SC,1183118.0,107556.18181818182,289615.0654740938
UNIMED INCONFIDENTES COOPERATIVA DE TRABALHO MÃDICO LTDA.,MG,1174224.0,40490.48275862069,92911.81606487361
UNIMED REGIÃO DA PRODUÃÃO/RS - COOPERATIVA DE ASSISTÃNCIA Ã SAÃDE LTDA,RS,1157431.0,37336.48387096774,70965.57232013797
CENTRO HOSPITALAR ATIBAIA LTDA.,SP,1148266.0,52193.90909090909,51783.828427975546
SANTA CASA DE SAÃDE - SCS,ES,1137837.0,49471.17391304348,126209.3034906886
CAMIM OPERADORA DE PLANO DE SAÃDE LTDA,RJ,1130726.0,161532.2857142857,183335.5394985874
UNIMED VALE DO SINOS - COOPERATIVA DE ASSISTÃNCIA Ã SAÃDE LTDA,RS,1124025.0,86463.46153846153,139933.59635115947
PLAMED PLANO DE ASSISTENCIA MEDICA LTDA,SE,1120989.0,86229.92307692308,181167.8687104226
UNIODONTO DE AMERICANA COOPERATIVA ODONTOLÃGICA,SP,1117727.0,79837.64285714286,121770.76991664874
NACIONAL ODONTO OPERADORA DE PLANOS ODONTOLÃGICOS LTDA.,PE,1104261.0,78875.78571428571,47319.2938990471
HOSPITAL DE CARIDADE SÃO VICENTE DE PAULO,PR,1038755.0,346251.6666666667,16079.204996931074
UNIODONTO JACAREÃ COOPERATIVA ODONTOLÃGICA,SP,1027930.0,54101.57894736842,228913.4596693975
UNIMED ALTO PARANAIBA COOPERATIVA DE TRABALHO MEDICO,MG,1004690.0,77283.84615384616,224731.0257892926
IRMANDADE DA SANTA CASA DE MISERICÃRDIA E MATERNIDADE DONA ZILDA SALVAGNI,SP,1003434.0,59025.529411764706,68549.64578329129
UNIODONTO DE CAMPINAS COOPERATIVA ODONTOLÃGICA,SP,978744.0,122343.0,83542.93103890614
LUMINAR SAÃDE - ASSOCIAÃÃO DE ASSISTÃNCIA Ã SAÃDE,DF,970822.0,48541.1,91282.51567575653
UNIMED TRÃS CORAÃÃES COOPERATIVA DE TRABALHO MÃDICO LTDA.,MG,969402.0,69243.0,106078.49815258363
SERMED-SAÃDE LTDA.,SP,949298.0,39554.083333333336,33744.724440391736
SÃO LUCAS SAÃDE S/A,SP,939200.0,313066.6666666667,435381.376879321
CAIXA ASSISTENCIAL E BENEFICENTE DOS FUNCIONÃRIOS DA ACARESC,SC,938688.0,104298.66666666667,290647.97968676814
UNIMED VALE DO URUCUIA - COOPERATIVA DE TRABALHO MEDICO LTDA,MG,893925.0,34381.730769230766,147393.17592468322
ASSOCIAÃÃO DOS AUDITORES FISCAIS DO ESTADO DA PARAÃBA - AFRAFEP,PB,882709.0,88270.9,106110.41581343464
UP HEALTH ADMINISTRADORA DE BENEFÃCIOS S/A,ES,879402.0,26648.545454545456,28857.48006809815
ASSOCIAÃÃO DO PLANO DE SAÃDE DA SANTA CASA DE MISERICÃRDIA DE ITABUNA - PLANSUL,BA,876605.0,67431.15384615384,98437.70108622522
SANTA CASA DE MISERICÃRDIA DE VOTUPORANGA,SP,855025.0,37175.0,35242.961470083894
BIORAL SISTEMA ODONTOLÃGICO LTDA.,SP,833476.0,37885.27272727273,157979.15200526628
UNIMED ANÃPOLIS COOPERATIVA DE TRABALHO MÃDICO.,GO,831158.0,28660.620689655174,40983.75697013024
UNIMED DE VOLTA REDONDA COOPERATIVA DE TRABALHO MÃDICO,RJ,822781.0,74798.27272727272,131444.42842136056
UNIODONTO DE FORTALEZA COOPERATIVA DE TRABALHO ODONTOLOGICO LTDA,CE,813824.0,73984.0,124475.45584572085
UNIMED ALTO JACUÃ/RS - COOPERATIVA DE ASSISTÃNCIA Ã SAÃDE LTDA,RS,810431.0,81043.1,215543.12724446174
VALE PLANOS DE SAÃDE LTDA,PE,806023.0,80602.3,248204.57415654798
INTERCLINICAS PLANO VIDA USA OPERADORA DE SAUDE LTDA,SP,789290.0,87698.88888888889,145662.0336665018
CAIXA DE ASSISTÃNCIA DO SINDFISCO - CASSIND,SE,779912.0,35450.545454545456,45236.99660015679
SERVIX ADMINISTRADORA DE BENEFÃCIOS LTDA,DF,777636.0,21601.0,11433.764834284213
"UNIMED VALE DAS ANTAS, RS - COOPERATIVA DE ASSISTÃNCIA Ã SAÃDE LTDA.",RS,760349.0,126724.83333333333,298045.71922603867
UNIMED DE BRUSQUE COOPERATIVA DE TRABALHO MÃDICO,SC,750336.0,150067.2,330311.8242868396
TOTAL ASSISTÃNCIA MÃDICA HOSPITALAR LTDA,MG,739433.0,32149.260869565216,48854.47715801899
UNIMED PONTAL DO TRIÃNGULO - COOPERATIVA DE TRABALHO MÃDICO,MG,737614.0,27319.037037037036,39000.83862163586
SUL DO PARÃ LTDA,PA,733199.0,20948.542857142857,30410.984418697888
FUNDACAO CAPITAL PREVIDENCIA E SAUDE - CAPITAL PREV,ES,703211.0,41365.35294117647,67701.53518656462
ASSOCIAÃÃO BENEFICENTE DOS PROFESSORES PÃBLICOS ATIVOS E INATIVOS DO RIO DE JANEIRO - APPAI,RJ,699833.0,174958.25,160724.58997173808
PLAMESC PLANOS DE SAÃDE LTDA,RJ,698710.0,10428.507462686568,13892.835053706245
BENEVIX ADMINISTRADORA DE BENEFÃCIOS LTDA,ES,694784.0,40869.64705882353,47339.2448462969
UNIMED TRÃS RIOS COOPERATIVA DE TRABALHO MÃDICO,RJ,674670.0,96381.42857142857,88571.48836553282
UNIMED GUARAPUAVA COOPERATIVA DE TRABALHO MÃDICO,PR,674121.0,29309.608695652172,61214.130340468946
UNIMED VALE DO CARANGOLA COOPERATIVA DE TRABALHO MEDICO LTDA,MG,670423.0,29148.82608695652,41686.635094641955
UNIMED DE LENÃOIS PAULISTA - COOPERATIVA DE TRABALHO MÃDICO,SP,663039.0,94719.85714285714,231171.5844334597
BIO SAÃDE SERVIÃOS MÃDICOS LTDA,SP,645970.0,40373.125,59080.01524697953
UNIMED DE CIANORTE - COOPERATIVA DE TRABALHO MEDICO ,PR,638993.0,127798.6,219099.850556316
AMPARA ASSISTÃNCIA MÃDICA PARAÃSO LTDA,MG,637302.0,37488.35294117647,64318.24055132142
CARE PLUS ODONTOLOGIA ASSISTENCIAL LTDA.,SP,628332.0,125666.4,167384.04808792265
UNIMED LESTE PAULISTA COOPERATIVA DE TRABALHO MÃDICO,SP,626457.0,156614.25,143894.23870416076
HSMED SAUDE LTDA,RJ,622592.0,207530.66666666666,349722.99735838553
UNIMED PATOS - COOPERATIVA DE TRABALHO MÃDICO,PB,621937.0,20731.233333333334,34637.1156486928
ASSOCIAÃÃO BENEFICENTE CATÃLICA,MG,616992.0,616992.0,
SULMED - ASSISTÃNCIA MÃDICA LTDA,RS,608154.0,35773.76470588235,134198.7181945721
ASSOCIAÃÃO MAIS SAÃDE SANTA CASA DE SÃO JOÃO DA BOA VISTA,SP,596357.0,37272.3125,83134.34000036227
SUL AMERICA COMPANHIA DE SEGURO SAÃDE,RJ,587216.0,146804.0,183088.4744014944
FUNDAÃÃO AFFEMG DE ASSISTÃNCIA E SAÃDE - FUNDAFFEMG,MG,577321.0,192440.33333333334,257413.60610568614
UNIMED JOAO PESSOA - COOPERATIVA DE TRABALHO MÃDICO,PB,573331.0,95555.16666666667,233665.0792912083
PLANO DE SAUDE ASES LTDA.,RJ,570331.0,27158.619047619046,14390.309946197096
VIVER SAUDE LTDA,RN,566668.0,283334.0,336056.74039959384
ASSOCIAÃÃO DOS SERVIDORES FISCAIS DO ESTADO DA BAHIA,BA,562005.0,31222.5,122160.44190097372
UNIODONTO DE MATO GROSSO COOP TRAB ODONTOLOGICO LTDA,MT,559151.0,34946.9375,105970.22408171631
"VOCÃ CLUBE DE BENEFÃCIOS SOCIAIS, SAÃDE E ODONTOLÃGICO LTDA",SP,551975.0,68996.875,29119.091790377468
BRADESCO SAÃDE - OPERADORA DE PLANOS  S/A,SP,551649.0,551649.0,
PROMÃDICA - PROTEÃÃO MEDICA A EMPRESAS S.A.,BA,548160.0,137040.0,144383.7553189416
LIVRI OPERADORA DE PLANO DE SAÃDE LTDA,SP,544985.0,21799.4,20446.126102108763
UNIMED JUNDIAI - COOPERATIVA DE TRABALHO MÃDICO,SP,531011.0,75858.71428571429,188550.6977019835
PRESERVE SAUDE ASSISTENCIA MEDICA LTDA,BA,526029.0,14611.916666666666,24744.809684197273
NOVA SAÃDE OPERADORA INTEGRADA DE SAÃDE LTDA,RJ,525450.0,22845.652173913044,74066.84991129709
SELECT OPERADORA DE PLANO DE SAUDE LTDA,GO,519972.0,28887.333333333332,33160.37421381128
SD-M OPERADORA DE PLANOS DE SAUDE LTDA,RJ,516999.0,20679.96,35761.83339525534
COOPERATIVA DE TRABALHO ODONTOLOGICO - UNIODONTO ITAJUBÃ,MG,513141.0,256570.5,267036.7545947561
CABERJ INTEGRAL SAÃDE S.A,RJ,504458.0,45859.818181818184,121207.96877830944
IRMANDADE SANTA CASA DE MISERICÃRDIA DE MARINGÃ,PR,496062.0,41338.5,98466.6675465727
TECBEN ADMINISTRADORA DE BENEFICIOS LTDA.,SP,496056.0,31003.5,23545.197132324032
UNIMED VALE DO CORUMBÃ COOPERATIVA DE TRABALHO MEDICO,GO,492198.0,24609.9,19841.51697272533
COOPERATIVA ODONTOLÃGICA DO ESTADO DO AMAPÃ,AP,489127.0,20380.291666666668,53755.13702730443
ASSOCIAÃÃO POLICIAL DE ASSISTÃNCIA Ã SAÃDE DE RIBEIRÃO PRETO (APAS),SP,480120.0,60015.0,117239.90377122337
PLANO DE SAÃDE DA SANTA CASA DE BRAGANÃA PAULISTA,SP,477834.0,47783.4,37755.64603899954
EVO SAUDE ASSISTENCIA MEDICA LTDA,DF,475665.0,13212.916666666666,18131.870456464218
HOSPITAL S.P. LTDA.,RS,461285.0,13567.20588235294,31933.991915881747
ESPLENDOR ADMINISTRADORA DE BENEFÃCIOS LTDA.,DF,452063.0,11591.358974358975,9342.924766021384
AME-ASSISTÃNCIA MÃDICA A EMPRESAS LTDA,MG,447419.0,29827.933333333334,30605.93843513442
ASSOCIAÃÃO ASSISTENCIAL DE SAÃDE SUPLEMENTAR CRUZ AZUL SAÃDE,SP,443433.0,49270.333333333336,119542.6921250312
RESOLVE ADMINISTRADORA DE BENEFÃCIOS LTDA,PI,441491.0,21023.380952380954,18398.158392828864
MEDHEALTH PLANOS DE SAÃDE LTDA,PR,441362.0,36780.166666666664,126981.33007710826
VCT PLANOS DE SAUDE LTDA,MG,439495.0,62785.0,135740.27101416883
DENTAL MASTER LTDA - EPP,AL,437702.0,11223.128205128205,16085.184841271415
UNIMED MARANHÃO DO SUL - COOPERATIVA DE TRABALHO MÃDICO,MA,430115.0,43011.5,79689.3234271554
LANCERS ADMINISTRADORA DE BENEFÃCIOS DE SAÃDE LTDA.,SP,426448.0,21322.4,14032.791313281377
PORTO SEGURO - SEGURO SAÃDE S/A,SP,424008.0,424008.0,
UNIMED DO CEARÃ - FEDERAÃÃO DAS SOCIEDADES COOPERATIVAS MÃDICAS DO ESTADO DO CEARÃ LTDA.,CE,422664.0,422664.0,
PESSOAL SAÃDE PLANOS DE ASSISTÃNCIA MÃDICA LTDA,SP,420273.0,19103.31818181818,9412.143384182777
ANGELI SISTEMAS DE SAUDE S.A.,PR,417067.0,11585.194444444445,11834.43793539961
ASSOCIAÃÃO POLICIAL DE ASSISTÃNCIA Ã SAÃDE APAS,SP,413400.0,10335.0,6511.58927388659
ODONT-OPERADORA ODONTOLOGICA LTDA,SP,406100.0,50762.5,51915.496241488436
MUITO MAIS SAÃDE ADMINISTRADORA DE BENEFÃCIOS,RJ,404695.0,101173.75,200217.49999999997
QUALI ADMINISTRADORA DE BENEFÃCIOS S/A,ES,403936.0,403936.0,
ASSOCIAÃÃO POLICIAL DE ASSISTÃNCIA Ã SAÃDE DE BARRETOS,SP,402140.0,25133.75,2537.9371544622613
SOCIEDADE PORTUGUESA DE BENEFICÃNCIA,RS,398296.0,8658.608695652174,11545.443373379938
PLANO DE ASSISTÃNCIA MÃDICA MINEIRA LTDA,MG,388424.0,9248.190476190477,19297.254851198453
ASSOCIAÃÃO POLICIAL DE ASSISTENCIA Ã SAUDE DE SAO JOAO DA BOA VISTA,SP,388403.0,32366.916666666668,47562.622879465365
DENTAL CENTER LTDA,PB,386469.0,29728.384615384617,37065.31099185702
VIDA TOP MAIS SAÃDE OPERADORA DE PLANOS DE SAÃDE LTDA.,SP,380646.0,16549.82608695652,67447.61275353041
UNIMED VALE DO PARAÃBA - FEDERAÃÃO INTRAFEDERATIVA DAS COOPERATIVAS MÃDICAS,SP,372789.0,37278.9,75049.11762520744
CAIXA BENEFICENTE DOS FUNCIONÃRIOS DO GRUPO IGUAÃU,PR,371520.0,16153.04347826087,28549.41823715225
PLANO ODONTOLÃGICO DENTALVIDAS LTDA.,SP,368350.0,40927.77777777778,48048.253544686144
UNIODONTO DE PINDAMONHANGABA COOP ODONTOLOGICA,SP,368140.0,9687.894736842105,26475.01792745173
ÃNICA ASSISTENCIA MEDICA LTDA ,SP,367366.0,61227.666666666664,80237.11900776763
UNIDENTIS ASSISTENCIA ODONTOLOGICA LTDA.,PB,361354.0,13383.481481481482,5869.991576264238
FUNDAÃÃO FILANTRÃPICA E BENEFICENTE DE SAÃDE ARNALDO GAVAZZA FILHO,MG,344929.0,9581.361111111111,34798.70033956751
UNIMED DE PARANAVAÃ COOPERATIVA DE TRABALHO MÃDICO,PR,343101.0,31191.0,51279.297998315065
SOCIEDADE BENEFICENTE DEZOITO DE JULHO,MG,342157.0,9504.361111111111,16717.702409042384
ELOSAÃDE - ASSOCIAÃÃO DE ASSISTÃNCIA Ã SAÃDE,SC,334536.0,33453.6,87940.09656098609
BIOVIDA SAÃDE LTDA.,SP,334326.0,111442.0,0.0
FUNDAÃÃO LIBERTAS DE SEGURIDADE SOCIAL,MG,333692.0,13903.833333333334,26008.76845565184
NEXO - ADMINISTRADORA DE BENEFICIOS LTDA,SP,331093.0,30099.363636363636,26779.58625248989
ASSOCIAÃÃO DE SAÃDE DOS FORNECEDORES DE CANA DE PIRACICABA E REGIÃO,SP,327763.0,20485.1875,27646.486029195465
CAIXA DE ASSISTÃNCIA OSWALDO CRUZ,RJ,310200.0,28200.0,47398.90821527433
UNIMED NOROESTE DE MINAS COOPERATIVA DE TRABALHO MEDICO LTDA,MG,308230.0,14677.619047619048,27478.86350356614
ASSOCIAÃÃO FCA SAÃDE,MG,304512.0,20300.8,19805.74951587832
ASSISTÃNCIA MÃDICA SÃO MIGUEL LTDA,SP,299200.0,37400.0,48318.39046515164
ABERTTA SAÃDE - ASSOCIAÃÃO BENEFICENTE DOS EMPREGADOS DA ARCELORMITTAL NO BRASIL,MG,297771.0,18610.6875,35857.180745691185
MEDIC GLOBAL PLANOS DE SAÃDE LTDA.,MG,294349.0,17314.647058823528,45406.0696561335
LEADER ASSISTÃNCIA MÃDICA E HOSPITALAR LTDA.,SP,292168.0,26560.727272727272,31009.80667818137
UNIMED CURVELO COOPERATIVA DE TRABALHO MÃDICO LTDA.,MG,284553.0,12934.227272727272,15849.812671063095
UNIMED DE MONTE ALTO - COOPERATIVA DE TRABALHO MÃDICO,SP,281709.0,18780.6,23618.40354106457
VOCÃ TOTAL PLANOS DE SAÃDE LIMITADA,SP,281643.0,7411.6578947368425,10293.612816972804
UNIODONTO MARINGA COOPERATIVA ODONTOLOGICA,PR,277416.0,17338.5,20100.842314025882
DONA SAÃDE CLINICAS LTDA ,SP,275860.0,55172.0,0.0
ÃNIX OPERADORA DE PLANOS DE SAÃDE LTDA,RJ,273326.0,21025.076923076922,50385.63953062674
UNIMED ALTO SÃO FRANCISCO COOPERATIVA DE TRABALHO MÃDICO,MG,267057.0,22254.75,66764.61121544856
IBBCA 2008 GESTÃO EM SAÃDE LTDA,RJ,264239.0,18874.214285714286,27704.210194282943
BCI ADMINISTRADORA DE BENEFÃCIOS LTDA.,SP,262919.0,26291.9,23533.54431657076
CAIXA DE ASSISTÃNCIA DOS EMPREGADOS DA SANEAGO,GO,256548.0,14252.666666666666,9202.036091827402
AME VVIDA PLANOS DE SAUDE INTEGRADO LTDA.,RO,254460.0,7068.333333333333,11579.654083163032
DENTALPAR ASSISTÃNCIA ODONTOLÃGICA EMPRESARIAL LTDA.,SP,253554.0,63388.5,24955.38505012495
ASSOCIAÃÃO POLICIAL DE ASSISTÃNCIA Ã SAÃDE DE BAURU,SP,252011.0,15750.6875,13049.26269548718
QV BENEFÃCIOS EM SAÃDE LTDA,RJ,251073.0,16738.2,25065.11938417324
UNIMED DE ANDRADINA - COOPERATIVA DE TRABALHO MÃDICO,SP,248578.0,11299.0,17452.36591683884
CAIXA BENEFICENTE DOS FUNCIONARIOS DO BANCO DO ESTADO DE SÃO PAULO,SP,245273.0,13626.277777777777,12996.574135949897
G & M ASSESSORIA MEDICA EMPRESARIAL LTDA,RJ,245212.0,18862.46153846154,54864.43055480084
BRASILDENTAL OPERADORA DE PLANOS ODONTOLÃGICOS S.A.,SP,244449.0,8730.32142857143,7838.200606306845
ASSOCIAÃÃO SÃO LUIZ SAÃDE,SP,237395.0,47479.0,41273.329003122584
MH VIDA - OPERADORA DE PLANOS DE SAÃDE LTDA,RJ,236334.0,15755.6,16949.36152526949
UNIMED DE IBITINGA COOPERATIVA DE TRABALHO MÃDICO,SP,236125.0,7616.935483870968,21155.210247021863
UNIMED DE ADAMANTINA-COOPERATIVA DE TRABALHO MÃDICO,SP,232185.0,8006.379310344828,28049.34071088429
BEST SENIOR OPERADORA DE SAÃDE LTDA,ES,228155.0,32593.571428571428,79434.90346998425
UNIODONTO RS FEDERACAO DAS UNIODONTOS DO RGS LTDA,RS,224672.0,12481.777777777777,21903.0076757013
FUNDAÃÃO DE SAÃDE ITAIGUAPY,PR,221289.0,22128.9,31543.635682970977
UNIMED PARAIBA - FEDERAÃAO DAS SOCIEDADES COOPERATIVAS DE TRABALHO MEDICO,PB,217729.0,9466.478260869566,6763.958704174549
AIRES OPERADORA DE SAUDE LTDA,PE,216946.0,9039.416666666666,23259.074300089876
VIVACOM PLANOS DE SAÃDE,GO,211089.0,6596.53125,8061.479048574451
CENTRO DE ENDOCRINOLOGIA DE JUNDIAÃ S/S LTDA,SP,204737.0,12796.0625,12760.09597387496
FUNASA SAÃDE,PB,201982.0,28854.571428571428,40518.1481678566
AMHA SAUDE S/A,SP,200733.0,5903.911764705882,8180.5114434751
ODONTOART PLANOS ODONTOLÃGICOS LTDA,CE,199505.0,18136.81818181818,33405.80529135073
UNIODONTO VALE HISTORICO COOPERATIVA ODONTOLOGICA,SP,198311.0,7932.44,26811.944536717212
IRMANDADE DE MISERICÃRDIA DO HOSPITAL DA SANTA CASA DE MONTE ALTO,SP,196791.0,5045.923076923077,8139.922492145587
UNIMED MACEIO COOPERATIVA DE TRABALHO MÃDICO,AL,188512.0,26930.285714285714,26582.409752279706
PLANO DE ASSISTÃNCIA ODONTOLÃGICA FAUCHARD LTDA. ME,BA,182136.0,60712.0,86198.59606165289
SALUSMED OPERADORA DE PLANOS DE SAUDE LTDA,SP,179951.0,7198.04,32320.040161484947
ASSOCIAÃÃO UNIVIDA SANTA RITA DO PASSA QUATRO,SP,178795.0,4966.527777777777,8809.370146079396
LIKE DENTAL PLANOS ODONTOLÃGICOS SS LTDA,PR,178674.0,9926.333333333334,4963.254790724233
ASSOCIACAO POLICIAL DE ASSISTENCIA A SAUDE DE PRESIDENTE PRUDENTE (APAS),SP,176204.0,19578.222222222223,10684.173503104694
ASSOCIAÃÃO GOIANA DO MINISTÃRIO PÃBLICO,GO,175134.0,9217.578947368422,14268.561409678076
EGRÃGORA  ADMINISTRADORA DE BENEFICIOS S/A,ES,174365.0,6706.346153846154,28568.369130830422
UNIMED CENTRO RONDÃNIA COOPERATIVA DE TRABALHO MÃDICO,RO,171742.0,6605.461538461538,5494.10562134198
UNIMED REGIONAL DE PICOS - COOPERATIVA DE TRABALHO MÃDICO,PI,171328.0,28554.666666666668,60106.87118014601
SUL AMÃRICA ODONTOLÃGICO S/A,SP,170582.0,12184.42857142857,20546.118561812204
MAIS SAÃDE PLANO DE SAÃDE LTDA,GO,169621.0,169621.0,
CAIXA ASSISTENCIAL UNIVERSITARIA DO RIO DE JANEIRO,RJ,169550.0,9973.529411764706,7808.932514416159
ASSOCIAÃÃO PARANAENSE DE ASSISTÃNCIA Ã SAUDE DOS MEMBROS DO MINISTERIO PUBLICO DO PARANÃ,PR,167483.0,10467.6875,7704.938206273948
PLANO SIGMA SAÃDE LTDA,SP,166161.0,10385.0625,5729.157581689767
A.P.S. ADMINISTRADORA DE BENEFÃCOS LTDA.,SP,164052.0,18228.0,6787.828997551426
IRMANDADE DA SANTA CASA DE MISERICÃRDIA DE RIO CLARO,SP,163071.0,7765.285714285715,24040.50884890513
UNIMED PETROPOLIS-RJ COOPERATIVA DE TRABALHO MÃDICO,RJ,162604.0,14782.181818181818,35236.77554436042
"CAIXA DE ASSISTÃNCIA Ã SAÃDE DOS TRABALHADORES NAS INDÃSTRIAS METALÃRGICAS, MECÃNICAS E DO MATERIAL ELÃTRICO DE BRUSQUE",SC,159689.0,5151.258064516129,5274.87305356089
UNIMED SÃO JOÃO DEL REI - COOPERATIVA DE TRABALHO MÃDICO,MG,159502.0,53167.333333333336,15241.771594317155
SANTA CASA DE MAUÃ SAÃDE,SP,158637.0,11331.214285714286,37016.505287773725
UNIODONTO DE JOÃO PESSOA COOPERATIVA ODONTOLÃGICA,PB,155179.0,19397.375,51645.303796839624
ASSOCIAÃÃO POLICIAL DE ASSISTÃNCIA Ã SAÃDE DE PRESIDENTE VENCESLAU,SP,144713.0,6029.708333333333,14604.84330469554
MAIS SAUDE S/A,ES,144426.0,13129.636363636364,7794.991202980633
QUALICORP CLUBE DE SAÃDE ADMINISTRADORA DE BENEFÃCIOS LTDA.,SP,142076.0,7103.8,20723.408507492706
UNIMED DO BRASIL - CONF. NACIONAL DAS COOPERATIVAS MÃDICAS,SP,141778.0,23629.666666666668,18191.233632347932
SAUDE VIVA ADMINISTRADORA DE BENEFICIOS LTDA,SP,137738.0,19676.85714285714,16034.916967133231
POLI SAUDE OPERADORA DE PLANO DE SAUDE LTDA,PR,136505.0,8531.5625,4377.079741391514
HOSPITAL DE CLÃNICAS DE PASSO FUNDO,RS,136465.0,27293.0,0.0
"ASSOC DE ASSIST Ã SAÃDE DOS SERV DAS UNIV E INST FED, EST E/OU FAC PART EM PE",PE,133560.0,13356.0,18654.496896042103
QUALITY GOLD SAÃDE ADMINISTRADORA DE PLANOS DE SAÃDE LTDA-ME,RJ,133322.0,33330.5,19487.0
TELOS - FUNDAÃÃO EMBRATEL DE SEGURIDADE SOCIAL,RJ,132770.0,16596.25,9602.60729102853
UNIMED VERTENTE DO CAPARAÃ - COOPERATIVA DE TRABALHO MÃDICO LTDA,MG,130583.0,8161.4375,25761.206591743718
GEAP AUTOGESTÃO EM SAÃDE,DF,130425.0,11856.818181818182,15283.875417041201
SANTA CASA DE MISERICORDIA HOSPITAL SÃO VICENTE,SP,130003.0,10000.23076923077,18015.85090114557
NOSAMED ASSISTÃNCIA MÃDICA LTDA.,SP,129708.0,8106.75,4184.921432954267
ATITUDE SAÃDE ASSISTÃNCIA MEDICA LTDA,BA,127554.0,6377.7,3698.9689331516497
AP ADMINISTRAÃÃO DE BENEFICIOS - SOCIEDADE SIMPLES UNIPESSOAL LIMITADA,SP,127334.0,8488.933333333332,2675.4134384551985
HEALTH-MED SISTEMA DE SAUDE LTDA,RJ,125551.0,13950.111111111111,23988.040209886076
ASSOCIAÃÃO PADRE ALBINO SAÃDE,SP,124654.0,13850.444444444445,38003.44157806997
ASSOCIAÃÃO DOS FUNCIONÃRIOS FISCAIS DO ESTADO DO AMAZONAS - AFFEAM,AM,123546.0,4751.7692307692305,11293.142858594121
SANUS ADMINISTRADORA DE BENEFÃCIOS LTDA,ES,121380.0,4668.461538461538,6181.255822117504
UNIODONTO PAULISTA-FEDERAÃÃO DAS COOPERATIVAS ODONTOLÃGICAS DO ESTADO DE SÃO PAULO,SP,119238.0,5678.0,8961.04589319796
ODONTO SEG OPERADORA DE PLANOS ODONTOLOGICOS S.A.,SP,116650.0,6480.555555555556,4061.263889368058
UNIMED BLUMENAU - COOPERATIVA DE TRABALHO MEDICO,SC,111639.0,13954.875,16196.340948652569
CAIXA DE ASSISTÃNCIA DOS SERVIDORES FAZENDÃRIOS ESTADUAIS,CE,111622.0,22324.4,25583.87200562104
SAGRADA SAÃDE ASSISTÃNCIA MÃDICA LTDA,MG,111506.0,6559.176470588235,5189.945715459051
UNIMED VARGINHA COOPERATIVA DE TRABALHO MÃDICO,MG,106006.0,15143.714285714286,18562.620555965743
UNIMED SOUSA - COOPERATIVA DE TRABALHO MÃDICO,PB,105505.0,5861.388888888889,7677.11426436422
UNIMED DE SAO JOSÃ DO RIO PARDO-COOP. DE TRAB. MÃDICO,SP,102466.0,9315.09090909091,20649.0102738826
ON MED ASSISTÃNCIA MÃDICA LTDA,RS,102370.0,11374.444444444445,12947.005204979945
ALMA ODONTO OPERADORA DE PLANOS ODONTOLOGICOS LTDA,SP,102235.0,20447.0,32771.785540308905
GS PLANO GLOBAL DE SAÃDE LTDA,RJ,99866.0,14266.57142857143,15186.618702629221
KLINI PLANOS DE SAÃDE LTDA,RJ,99150.0,19830.0,26642.649079999537
PORTOMED - PORTO SEGURO SERVIÃOS DE SAUDE LTDA,SP,97403.0,13914.714285714286,7860.030210168527
INFINITY SAÃDE SUPLEMENTAR LTDA,MT,96590.0,19318.0,24624.199631663156
ZURICH SANTANDER BRASIL ODONTO LTDA.,SP,95202.0,3173.4,1950.39966903338
UNIMED LAVRAS COOPERATIVA DE TRABALHO MÃDICO,MG,93455.0,6675.357142857143,7922.491523476716
ODONTOGROUP SISTEMA DE SAÃDE LTDA.,DF,93125.0,9312.5,11255.858042716147
SANTA CASA DE MISERICÃRDIA E ASILO DOS POBRES DE BATATAIS,SP,90616.0,6970.461538461538,14633.807704623478
CAIXA DE ASSISTÃNCIA DOS EMPREGADOS DO SETOR PÃBLICO DO ESTADO DE GOIÃS - CAEME,GO,89454.0,11181.75,16547.464948271856
PRO-SAUDE JARINU ASSISTENCIA MEDICA SUPLEMENTAR LTDA.,SP,88909.0,8890.9,15400.485897457189
SAUDE SALV ASSISTENCIA MEDICA LTDA,RO,87228.0,5815.2,3087.1938992276737
RAMED ADMINISTRADORA DE BENEFICIOS LTDA.,SP,87011.0,2231.051282051282,6495.684911615183
ASSOCIAÃÃO SAÃDE RURAL ALEGRETE,RS,86351.0,4317.55,11247.325162595678
ASSOCIAÃÃO DE SAÃDE DO VALE,SC,84174.0,9352.666666666666,17097.443390752902
UNIMED CENTRO PAULISTA - FEDERAÃÃO INTRAFEDERATIVA DAS COOPERATIVAS MÃDICAS,SP,82501.0,13750.166666666666,23051.430241238108
UNIMED COSTA OESTE - COOPERATIVA DE TRABALHO MÃDICO,PR,81508.0,11644.0,21623.886638005974
UNIODONTO DE SERTAOZINHO SP COOPERATIVA ODONTOLOGICA,SP,81151.0,5410.066666666667,11174.559182527493
ALLCARE ADMINISTRADORA DE BENEFÃCIOS EM SAÃDE LTDA.,DF,79033.0,4390.722222222223,2364.7182845657276
UNIMED SERGIPE - COOPERATIVA DE TRABALHO MÃDICO,SE,78581.0,4622.411764705882,5075.94128042799
CAIXA DE ASSISTÃNCIA DOS EMPREGADOS DO BANESE,SE,78265.0,26088.333333333332,8238.21099106677
ODILE SERVIÃOS DE SAÃDE LTDA.,SP,77000.0,19250.0,17269.916039170545
ASSOCIACAO POLICIAL DE ASSISTENCIA A SAUDE DE ITAPETININGA,SP,75525.0,15105.0,0.0
POLIMÃDICA SAÃDE SOCIEDADE SIMPLES LTDA,RS,74708.0,8300.888888888889,11356.635796357614
ASSOCIAÃÃO DO FISCO DE ALAGOAS,AL,71214.0,5086.714285714285,5457.8906524065105
LIFE CLASS ADMINISTRADORA DE BENEFICIOS LTDA.,SP,69644.0,8705.5,7049.8170391659305
SISTEMA PREVSAUDE DENTAL LTDA,CE,68112.0,4540.8,2223.3656340910607
CONFIANÃA ASSISTÃNCIA MÃDICO HOSPITALAR LTDA,MG,67680.0,4512.0,7767.201371334281
CAIXA ASSISTENCIAL UNIVERSITÃRIA DO RIO GRANDE DO NORTE,RN,67320.0,11220.0,17498.34385306221
AMHE MED ASSISTENCIA A SAUDE LTDA - EPP,SP,64704.0,32352.0,36135.98494575732
S1 OPERADORA DE PLANO DE SAÃDE LTDA,DF,64164.0,5347.0,2496.9071777992576
BEMSTAR ASSISTENCIA MEDICA LTDA,BA,63031.0,7003.444444444444,20230.333333333332
UNIMED SUDOESTE PAULISTA COOPERATIVA DE TRABALHO MÃDICO,SP,58220.0,29110.0,15397.95726711826
SAMI ASSISTÃNCIA MÃDICA LTDA,SP,55873.0,27936.5,37210.08014637969
ASSOCIAÃÃO BENEFICENTE DE ASSISTÃNCIA A SAÃDE DOS JUÃZES DO TRABALHO DA 15Âª REGIÃO (ABAS 15),SP,52541.0,3752.9285714285716,7314.543200041594
REAL GRANDEZA - FUNDAÃÃO DE PREVIDÃNCIA E ASSISTÃNCIA SOCIAL,RJ,51546.0,17182.0,15038.038402664091
SALUPLAN ADMINISTRADORA DE BENEFÃCIOS LTDA,SP,51330.0,51330.0,
ANAFE SAUDE,GO,51000.0,51000.0,
LEXUS ADMINISTRADORA DE BENEFICIOS LTDA,SP,50503.0,3156.4375,7856.138686562248
AMAZIL ASSISTENCIA MEDICA DO BRASIL LTDA,RJ,50500.0,3884.6153846153848,910.1704545909279
ASSOCIAÃÃO POLICIAL DE ASSISTENCIA A SAUDE DE BOTUCATU,SP,50102.0,25051.0,0.0
FUNDAÃÃO CHESF DE ASSISTÃNCIA E SEGURIDADE SOCIAL,PE,50000.0,50000.0,
UNIODONTO DE SC COOPERATIVA ADMINISTRADORA DE CONTRATOS,SC,49727.0,16575.666666666668,19462.92787155451
BENSAUDE PLANO DE ASSISTENCIA MEDICA HOSPITALAR LTDA.,SP,49620.0,3816.923076923077,5603.030407162694
S.P.A SAUDE- SISTEMA DE PROMOÃÃO ASSISTENCIAL,SP,48018.0,3429.8571428571427,4812.3206597096305
UNIMED CAJAZEIRAS - SOCIEDADE COOPERATIVA DE TRABALHO MÃDICO,PB,46176.0,5772.0,1429.4662340488196
BENEFIT ADMINISTRADORA DE BENEFÃCIOS LTDA.,SP,45000.0,15000.0,7500.0
TOTAL SAUDE  ADMINISTRADORA DE BENEFICIOS EIRELI,ES,44520.0,1236.6666666666667,1438.9301581383302
DENTAL PLUS CONVÃNIO ODONTOLÃGICO LTDA.,SP,44500.0,3423.076923076923,1626.5402168169949
UNIODONTO UBERABA - COOPERATIVA DE ASSISTÃNCIA Ã SAÃDE ODONTOLÃGICA LTDA,MG,44495.0,4449.5,5913.884364593019
ODONTOLIVE OPERADORA DE PLANOS ODONTOLÃGICOS LTDA.,SP,44120.0,8824.0,8441.450112391827
EVOLUÃÃO ADMINISTRADORA DE BENEFICIOS LTDA ,MG,44030.0,3669.1666666666665,1422.9256566112033
SALUTY ADMINISTRADORA DE BENEFICIOS LTDA,RJ,42850.0,2380.5555555555557,2601.569938285506
ASSOCIAÃÃO DOS FISCAIS DE TRIBUTOS ESTADUAIS DO RS - AFISVEC,RS,42710.0,7118.333333333333,11137.102705222156
QUALIDONTO - QUALIDADE EM ODONTOLOGIA LTDA ,BA,42048.0,4204.8,9232.910830285324
COOPERATIVA DOS USUÃRIOS DE SERVIÃOS DE SAÃDE DO VALE DO RIO DOS SINOS LTDA,RS,37164.0,5309.142857142857,7639.818549951986
INTERVIDA ADMINISTRADORA DE BENEFÃCIOS LTDA,SP,37000.0,12333.333333333334,6251.666444503684
AMPLITUDE PLANOS DE SAUDE LTDA ,MG,35444.0,2215.25,6476.74063605041
CROWN ODONTOLOGIA DE GRUPO LTDA,SP,34775.0,4346.875,6955.998920510472
IRMANDADE DA SANTA CASA DE MISERICORDIA DE LIMEIRA,SP,34640.0,2309.3333333333335,1640.5333046937888
VIVER BEM ADMINISTRADORA DE BENEFÃCIOS LTDA,RJ,34250.0,4892.857142857143,8442.769518520396
CAIXA DE ASSISTENCIA A SAUDE DA UNIVERSIDADE,MG,34137.0,6827.4,3527.173627708168
BEDOIS SERVIÃOS DE ADMINISTRAÃÃO DE BENEFÃCIOS LTDA.,RJ,33894.0,1614.0,700.2844422090212
VALEM ADMINISTRADORA DE BENEFÃCIOS LTDA,MG,32263.0,2933.0,3147.5750983892344
CLINIPAM CLINICA PARANAENSE DE ASSISTENCIA MEDICA LTDA,CE,32169.0,4021.125,5315.312017114867
AMAZÃNIA PLANOS DE SAÃDE LTDA,PA,32124.0,1460.1818181818182,1418.951780662104
XP ADMINISTRADORA DE BENEFÃCIOS LTDA.,SP,31395.0,5232.5,6357.650627393738
ASSOCIAÃÃO PADRE PIO PLANOS DE SAÃDE,SP,30000.0,7500.0,6175.219294351686
CLICSAUDE ADMINISTRADORA DE BENEFICIOS LTDA,SP,26476.0,2941.777777777778,6083.72258115411
BRASIL ODONTO OPERADORA DE PLANOS ODONTOLÃGICOS LTDA,TO,22915.0,3819.1666666666665,2055.332422423844
CAIXA DE ASSISTÃNCIA DOS EMPREGADOS DO BANEB,BA,22508.0,1406.75,1656.1114092958842
PLENUM ASSISTENCIA MEDICA  LTDA,DF,21700.0,10850.0,3181.9805153394636
EXTRAMED ADMINISTRAÃÃO E SERVIÃOS MÃDICOS LTDA,PR,21636.0,7212.0,900.0
REAL GRANDEZA SAÃDE,RJ,21320.0,7106.666666666667,6076.06232138326
FILOSANITAS SAUDE LTDA,SP,20250.0,3375.0,0.0
UNIVIDA USA OPERADORA EM SAUDE S/A,SP,18198.0,3033.0,1777.7170753525434
UNIODONTO/RN - COOPERATIVA ODONTOLOGICA DO RIO GRANDE DO NORTE,RN,18143.0,1133.9375,1433.894671573427
HEALTH ADMINISTRADORA DE BENEFICIOS LTDA,SP,15175.0,1896.875,392.79781694912714
UNIMED DE REGISTRO COOPERATIVA DE TRABALHO MÃDICO,SP,14585.0,3646.25,5792.5
UNIODONTO GOIANIA COOPERATIVA DE CIRURGIÃES DENTISTAS,GO,14000.0,7000.0,4949.747468305833
ALL CARE ADMINISTRADORA DE BENEFÃCIOS SÃO PAULO LTDA,SP,13020.0,2170.0,3646.911021672999
ELITE SAUDE SERVICOS MEDICOS LTDA.,SP,12892.0,644.6,963.8499228013719
GESTAO VIDA ADMINISTRADORA DE BENEFICIOS LTDA.,SP,12823.0,986.3846153846154,1029.7321284733503
SAUDE INTEGRAL ASSISTENCIA MEDICA LTDA,BA,12288.0,292.57142857142856,339.5906533559041
ODONTO PRIME S/S LTDA,CE,12140.0,1348.888888888889,354.0637105255368
SOCIODONTO PLANO DE ASSISTÃNCIA ODONTOLÃGICA LTDA,MG,10853.0,1550.4285714285713,1088.0483839031633
SANTA CASA DA MISERICÃRDIA DE SÃO JOÃO DEL REI,MG,10470.0,3490.0,1534.7964034359736
ASSOCIAÃÃO POLICIAL DE ASSISTÃNCIA Ã SAÃDE DE JAÃ,SP,10306.0,3435.3333333333335,5685.176895518145
UP SOLUÃÃES EM SAÃDE LTDA ,SP,9840.0,2460.0,0.0
OPERADORA UNICENTRAL DE PLANOS DE SAÃDE LTDA.,SP,9600.0,3200.0,1108.5125168440816
SAME-SERVIÃO DE ASSISTÃNCIA MÃDICA EMPRESARIAL LTDA.,MA,7988.0,998.5,556.4178799633034
CLÃNICA SÃO GABRIEL S/S LTDA,SP,6636.0,3318.0,0.0
UNIC ASSISTENCIA MEDICA LTDA,SP,4750.0,527.7777777777778,422.8704818788425
UNIMED SÃO SEBASTIÃO DO PARAÃSO COOPERATIVA DE TRABALHO MÃDICO,MG,4347.0,434.7,895.7832141018646
ATIMED ASSISTENCIA MEDICA LTDA,SP,3658.0,731.6,1184.2216008838886
UNIMED DE TUPA COOPERATIVA DE TRABALHO MÃDICO,SP,3594.0,1198.0,1867.1507705592496
NOVODENTE S/A,RS,2937.0,1468.5,1232.4871196081524
PLURICLUB ADMINISTRADORA DE BENEFÃCIOS LTDA.,SP,2817.0,2817.0,
ASSOCIAÃÃO DE ASSISTÃNCIA MÃDICO HOSPITALAR DOS MAGISTRADOS DO ESTADO DO PARANÃ,PR,2054.0,342.3333333333333,165.74880592832838
PD BRASIL ASSISTENCIA ODONTOLOGICA LTDA,MG,1950.0,177.27272727272728,355.7833866017611
SMART CARE SISTEMAS MÃDICOS E ODONTOLÃGICOS LTDA.,SP,1292.0,323.0,17.320508075688775
ASSOCIAÃÃO DE ASSISTÃNCIA Ã SAÃDE DA AMAGIS,MG,1052.0,75.14285714285714,173.21611984981126
SUPERMED ADMINISTRADORA DE BENEFÃCIOS LTDA.,RJ,910.0,455.0,0.0
FEBRAFITE SAUDE,DF,823.0,117.57142857142857,118.82460062750354
UNIODONTO PIRACICABA - COOPERATIVA ODONTOLÃGICA,SP,500.0,500.0,
CASE - CENTRAL DE ADMINISTRAÃÃO DE PLANO DE SAÃDE LTDA,RJ,498.0,498.0,
CAIXA DE ASSISTENCIA DOS SERVIDORES DO ESTADO DE MATO GROSSO DO SUL,MS,405.0,202.5,137.88582233137677
UNIODONTO DO SUL GOIANO COOPERATIVA ODONTOLOGICA,GO,304.0,304.0,
INTEGRA ADMINISTRADORA DE BENEFICIOS LTDA,GO,300.0,150.0,0.0
BIT LIFE BENEFÃCIOS LTDA,SP,240.0,20.0,0.0
UNIMED POÃOS DE CALDAS - SOC. COOP. DE TRAB. E SERVIÃOS MÃDICOS,MG,150.0,50.0,0.0
INTEGRALCARE PLANOS DE SAUDE LTDA,BA,48.0,2.0,0.834057656228299
VITACARE PLANOS DE SAUDE LTDA,BA,40.0,1.6666666666666667,0.48154341234307685
MEDICAL LIFE PLANOS DE SAÃDE LTDA,BA,40.0,2.5,0.5163977794943222
MAXIMED PLANOS DE SAUDE LTDA,RJ,1.0,1.0,
